employee_id,first_name,last_name,designation,department,branch_id,email,phone,date_of_joining,salary,manager_id,employment_status,performance_rating,created_at
EMP000001,Vrinda,Bahl,Manager,Retail Banking,BR00001,emp000001@fintechbank.in,+919287955558,2018-04-08T20:09:00,1082917.21,EMP000054,active,3.4,2018-04-08T20:09:00
EMP000002,Isaac,Patil,Manager,Operations,BR00002,emp000002@fintechbank.in,+919605301030,2014-07-06T00:06:32,911568.97,EMP000001,active,3.6,2014-07-06T00:06:32
EMP000003,Damyanti,Khatri,Senior Manager,IT,BR00003,emp000003@fintechbank.in,+918338811290,2013-06-03T21:49:15,1519193.84,EMP000069,active,3.1,2013-06-03T21:49:15
EMP000004,Dalbir,Khosla,Senior Manager,Retail Banking,BR00004,emp000004@fintechbank.in,+918064746525,2017-09-06T10:29:37,1379757.87,EMP000047,active,3.8,2017-09-06T10:29:37
EMP000005,Farhan,Chada,Manager,Retail Banking,BR00005,emp000005@fintechbank.in,+917304912982,2013-09-30T09:11:50,1053920.47,EMP000057,active,2.2,2013-09-30T09:11:50
EMP000006,Vedika,Biswas,Manager,Retail Banking,BR00006,emp000006@fintechbank.in,+919208283728,2015-08-16T05:04:07,819002.32,EMP000031,active,2.6,2015-08-16T05:04:07
EMP000007,Jeremiah,Dave,Manager,Operations,BR00007,emp000007@fintechbank.in,+919030106617,2019-09-19T08:07:07,821498.62,EMP000086,active,3.2,2019-09-19T08:07:07
EMP000008,Vaishnavi,Gandhi,Manager,Fraud & Risk,BR00008,emp000008@fintechbank.in,+918521696479,2021-03-18T18:37:51,911789.31,EMP000044,active,4.2,2021-03-18T18:37:51
EMP000009,Alka,Wable,Senior Manager,Retail Banking,BR00009,emp000009@fintechbank.in,+917260329455,2020-12-29T05:18:32,1522097.03,EMP000079,active,4.6,2020-12-29T05:18:32
EMP000010,Pallavi,Kakar,Manager,Operations,BR00010,emp000010@fintechbank.in,+918926780541,2013-03-27T22:00:29,770091.15,EMP000065,active,3.4,2013-03-27T22:00:29
EMP000011,Sai,Muni,Senior Manager,Fraud & Risk,BR00011,emp000011@fintechbank.in,+919363629219,2011-04-14T10:12:34,1278326.98,EMP000062,active,3.6,2011-04-14T10:12:34
EMP000012,Mohini,Prakash,Manager,Loans,BR00012,emp000012@fintechbank.in,+917714300770,2011-08-03T12:21:10,903207.03,EMP000061,active,4.6,2011-08-03T12:21:10
EMP000013,Raksha,Varughese,Senior Manager,Fraud & Risk,BR00013,emp000013@fintechbank.in,+917009257255,2012-10-20T00:28:01,1988247.08,EMP000064,active,4.4,2012-10-20T00:28:01
EMP000014,Siya,Dara,Manager,IT,BR00014,emp000014@fintechbank.in,+919387006772,2017-03-13T11:26:53,1030935.66,EMP000030,active,2.6,2017-03-13T11:26:53
EMP000015,Yug,Kar,Manager,Operations,BR00015,emp000015@fintechbank.in,+919328710672,2010-12-30T09:39:38,730478.79,EMP000085,active,2.2,2010-12-30T09:39:38
EMP000016,Devansh,Nigam,Manager,Loans,BR00016,emp000016@fintechbank.in,+917244295904,2019-01-14T07:16:15,1180389.45,EMP000046,active,2.6,2019-01-14T07:16:15
EMP000017,Ansh,Karpe,Manager,Loans,BR00017,emp000017@fintechbank.in,+918734202799,2021-06-27T14:59:37,759943.31,EMP000076,on_leave,2.7,2021-06-27T14:59:37
EMP000018,Thomas,Amble,Manager,Retail Banking,BR00018,emp000018@fintechbank.in,+918800557283,2020-07-15T16:51:56,1028686.58,EMP000028,active,2.9,2020-07-15T16:51:56
EMP000019,Ekavir,Bhargava,Manager,IT,BR00019,emp000019@fintechbank.in,+918349409434,2021-05-24T12:46:35,819342.98,EMP000090,active,4.0,2021-05-24T12:46:35
EMP000020,Veer,Bir,Manager,Retail Banking,BR00020,emp000020@fintechbank.in,+917040009587,2015-05-19T15:45:37,929142.76,EMP000097,resigned,5.0,2015-05-19T15:45:37
EMP000021,Azad,Narayanan,Clerk,Customer Service,BR00007,emp000021@fintechbank.in,+917568896616,2018-08-10T10:59:37,436651.88,EMP000007,on_leave,4.6,2018-08-10T10:59:37
EMP000022,Ekavir,Varkey,Officer,Operations,BR00006,emp000022@fintechbank.in,+918299301222,2017-06-15T18:49:08,602919.44,EMP000031,resigned,4.0,2017-06-15T18:49:08
EMP000023,Wazir,Mallick,Clerk,IT,BR00018,emp000023@fintechbank.in,+917444900634,2015-02-04T06:35:41,437786.0,EMP000028,active,2.3,2015-02-04T06:35:41
EMP000024,Vedika,Kala,Clerk,Customer Service,BR00018,emp000024@fintechbank.in,+918210133979,2012-08-23T22:04:21,370965.97,EMP000027,active,2.6,2012-08-23T22:04:21
EMP000025,Kevin,Solanki,Officer,Fraud & Risk,BR00009,emp000025@fintechbank.in,+918078557553,2018-08-07T12:03:42,676334.12,EMP000079,active,2.3,2018-08-07T12:03:42
EMP000026,Xavier,Solanki,Officer,Retail Banking,BR00009,emp000026@fintechbank.in,+918432614422,2010-10-01T22:41:41,642779.81,EMP000071,active,2.8,2010-10-01T22:41:41
EMP000027,Niharika,Gupta,Manager,Fraud & Risk,BR00018,emp000027@fintechbank.in,+919409076656,2022-01-02T20:45:27,704834.85,EMP000028,active,4.6,2022-01-02T20:45:27
EMP000028,Girindra,Chatterjee,Senior Manager,Customer Service,BR00018,emp000028@fintechbank.in,+919501859536,2010-08-12T20:54:19,1642020.08,EMP000018,active,2.1,2010-08-12T20:54:19
EMP000029,Raagini,Pandya,Officer,Loans,BR00002,emp000029@fintechbank.in,+919929454134,2016-02-02T08:22:48,512382.43,EMP000002,active,4.3,2016-02-02T08:22:48
EMP000030,Pallavi,Roy,Senior Manager,IT,BR00014,emp000030@fintechbank.in,+917663801533,2020-07-23T15:45:09,1940611.06,EMP000014,active,2.5,2020-07-23T15:45:09
EMP000031,Unni,Bhagat,Manager,Retail Banking,BR00006,emp000031@fintechbank.in,+917770348179,2017-01-05T21:47:57,1068282.24,EMP000006,active,4.8,2017-01-05T21:47:57
EMP000032,Guneet,Bhat,Manager,Loans,BR00008,emp000032@fintechbank.in,+917464267175,2014-07-16T20:57:05,891270.86,EMP000044,active,3.4,2014-07-16T20:57:05
EMP000033,Neha,Nori,Clerk,Customer Service,BR00015,emp000033@fintechbank.in,+917977515194,2015-12-13T16:50:36,294584.71,EMP000015,active,3.2,2015-12-13T16:50:36
EMP000034,Ikbal,Kothari,Clerk,Customer Service,BR00003,emp000034@fintechbank.in,+918508161137,2023-02-27T06:49:38,378296.35,EMP000052,active,4.9,2023-02-27T06:49:38
EMP000035,Rehaan,Gupta,Officer,Customer Service,BR00001,emp000035@fintechbank.in,+917766942939,2011-12-18T17:00:28,595147.43,EMP000001,resigned,2.1,2011-12-18T17:00:28
EMP000036,Saumya,Dey,Officer,Customer Service,BR00012,emp000036@fintechbank.in,+918874297457,2022-05-25T00:30:51,601552.21,EMP000012,active,3.2,2022-05-25T00:30:51
EMP000037,Pahal,Goswami,Officer,IT,BR00009,emp000037@fintechbank.in,+918872852789,2010-10-03T19:23:57,450422.82,EMP000009,on_leave,3.6,2010-10-03T19:23:57
EMP000038,Arya,Shere,Manager,Fraud & Risk,BR00007,emp000038@fintechbank.in,+917300535210,2016-03-13T04:38:34,1174437.24,EMP000061,on_leave,3.9,2016-03-13T04:38:34
EMP000039,Zaid,Borra,Manager,Customer Service,BR00004,emp000039@fintechbank.in,+919178074590,2022-03-31T09:32:04,854642.33,EMP000047,active,3.2,2022-03-31T09:32:04
EMP000040,Saanvi,Chaudhari,Clerk,Fraud & Risk,BR00005,emp000040@fintechbank.in,+919855850145,2013-04-07T01:16:06,438072.73,EMP000005,active,4.7,2013-04-07T01:16:06
EMP000041,Chandresh,Zachariah,Officer,Operations,BR00010,emp000041@fintechbank.in,+917001743499,2016-11-28T06:19:06,525968.74,EMP000010,active,4.4,2016-11-28T06:19:06
EMP000042,Alexander,Chander,Officer,Fraud & Risk,BR00011,emp000042@fintechbank.in,+918899061865,2017-11-29T08:03:53,618906.81,EMP000011,active,4.4,2017-11-29T08:03:53
EMP000043,Warjas,Ganesan,Executive,Retail Banking,BR00006,emp000043@fintechbank.in,+918218853328,2021-03-17T22:56:43,3546356.03,,active,3.0,2021-03-17T22:56:43
EMP000044,Niharika,Sunder,Manager,Customer Service,BR00008,emp000044@fintechbank.in,+917964824319,2021-06-12T14:33:44,1103281.45,EMP000032,active,2.1,2021-06-12T14:33:44
EMP000045,Vasana,Kala,Executive,Retail Banking,BR00020,emp000045@fintechbank.in,+918955997540,2023-01-28T05:26:13,3243323.03,,active,2.6,2023-01-28T05:26:13
EMP000046,Nandini,Bhargava,Manager,Loans,BR00016,emp000046@fintechbank.in,+917633814084,2016-10-19T08:33:16,1028029.01,EMP000016,active,4.3,2016-10-19T08:33:16
EMP000047,Nitesh,Raghavan,Manager,Fraud & Risk,BR00004,emp000047@fintechbank.in,+917939915527,2023-03-30T22:27:55,787943.34,EMP000039,resigned,3.6,2023-03-30T22:27:55
EMP000048,Aarnav,Ramakrishnan,Clerk,Fraud & Risk,BR00008,emp000048@fintechbank.in,+917572687073,2012-01-25T02:18:22,410283.32,EMP000044,active,5.0,2012-01-25T02:18:22
EMP000049,Alka,Sha,Officer,IT,BR00015,emp000049@fintechbank.in,+919168005699,2020-06-03T21:20:10,556685.19,EMP000015,on_leave,3.3,2020-06-03T21:20:10
EMP000050,Bhavika,Sampath,Clerk,Customer Service,BR00016,emp000050@fintechbank.in,+918061886576,2017-08-28T15:16:03,417972.58,EMP000046,active,4.3,2017-08-28T15:16:03
EMP000051,Vidhi,Dubey,Officer,Fraud & Risk,BR00008,emp000051@fintechbank.in,+917332788471,2014-09-03T06:56:21,628386.22,EMP000044,active,3.0,2014-09-03T06:56:21
EMP000052,Ranveer,Minhas,Senior Manager,Loans,BR00003,emp000052@fintechbank.in,+917993260504,2012-05-09T19:50:08,1506428.23,EMP000069,active,2.6,2012-05-09T19:50:08
EMP000053,Teerth,Bhardwaj,Officer,Fraud & Risk,BR00011,emp000053@fintechbank.in,+918785736751,2019-03-26T16:02:19,465566.43,EMP000011,active,3.2,2019-03-26T16:02:19
EMP000054,Darsh,Murthy,Manager,Operations,BR00001,emp000054@fintechbank.in,+918633724084,2023-01-10T05:44:16,938489.87,EMP000001,on_leave,2.9,2023-01-10T05:44:16
EMP000055,Dakshesh,Bedi,Officer,IT,BR00014,emp000055@fintechbank.in,+919345620385,2019-02-27T09:16:05,649967.04,EMP000014,on_leave,3.5,2019-02-27T09:16:05
EMP000056,Vansha,Thakkar,Clerk,Fraud & Risk,BR00016,emp000056@fintechbank.in,+918443665390,2010-06-30T08:29:43,383774.72,EMP000016,active,4.2,2010-06-30T08:29:43
EMP000057,Nakul,Bhandari,Manager,Operations,BR00005,emp000057@fintechbank.in,+917115820025,2020-08-02T13:41:03,1153464.43,EMP000005,active,4.0,2020-08-02T13:41:03
EMP000058,Yashoda,Buch,Clerk,Fraud & Risk,BR00014,emp000058@fintechbank.in,+917780520225,2012-04-23T04:58:25,260056.93,EMP000030,active,2.6,2012-04-23T04:58:25
EMP000059,Quincy,Biswas,Officer,Fraud & Risk,BR00013,emp000059@fintechbank.in,+918083497965,2014-09-26T00:38:03,658727.73,EMP000013,active,4.2,2014-09-26T00:38:03
EMP000060,Ekansh,Keer,Clerk,IT,BR00012,emp000060@fintechbank.in,+917294713656,2013-10-25T06:25:56,406246.61,EMP000012,active,4.3,2013-10-25T06:25:56
EMP000061,Netra,Dar,Senior Manager,Operations,BR00007,emp000061@fintechbank.in,+917654477195,2010-05-07T15:17:18,1390835.95,EMP000086,active,2.3,2010-05-07T15:17:18
EMP000062,Yatin,Baral,Senior Manager,Customer Service,BR00015,emp000062@fintechbank.in,+918584392711,2021-11-25T07:46:38,1334231.31,EMP000015,active,4.2,2021-11-25T07:46:38
EMP000063,Finn,Saini,Clerk,Retail Banking,BR00006,emp000063@fintechbank.in,+919485432021,2015-04-17T17:29:08,255135.69,EMP000043,active,4.0,2015-04-17T17:29:08
EMP000064,Diya,Lal,Executive,Loans,BR00013,emp000064@fintechbank.in,+917326402374,2022-03-01T22:43:16,3776293.58,,active,2.7,2022-03-01T22:43:16
EMP000065,Samarth,Murthy,Manager,Operations,BR00010,emp000065@fintechbank.in,+917519927529,2021-08-22T20:06:14,1098113.61,EMP000010,active,2.1,2021-08-22T20:06:14
EMP000066,William,Lanka,Officer,Operations,BR00012,emp000066@fintechbank.in,+919781177100,2011-03-05T11:34:25,535307.79,EMP000012,active,4.5,2011-03-05T11:34:25
EMP000067,Meghana,Deep,Clerk,Fraud & Risk,BR00012,emp000067@fintechbank.in,+917657091982,2020-10-24T09:19:15,337097.43,EMP000012,active,4.9,2020-10-24T09:19:15
EMP000068,Charita,Shankar,Clerk,Fraud & Risk,BR00018,emp000068@fintechbank.in,+918996617659,2023-03-07T10:54:20,337114.9,EMP000028,active,2.8,2023-03-07T10:54:20
EMP000069,Diya,Bora,Senior Manager,Fraud & Risk,BR00003,emp000069@fintechbank.in,+918047385483,2014-09-30T04:47:41,1800381.03,EMP000052,active,4.0,2014-09-30T04:47:41
EMP000070,Aditya,Shanker,Officer,Loans,BR00016,emp000070@fintechbank.in,+919094011037,2015-07-13T13:37:32,503029.96,EMP000016,active,3.0,2015-07-13T13:37:32
EMP000071,Harish,Borah,Senior Manager,Retail Banking,BR00009,emp000071@fintechbank.in,+919218897149,2019-06-16T13:33:56,1958450.06,EMP000009,active,4.2,2019-06-16T13:33:56
EMP000072,Tanay,Toor,Officer,Fraud & Risk,BR00008,emp000072@fintechbank.in,+919774131811,2021-10-01T07:07:47,627960.6,EMP000032,active,2.1,2021-10-01T07:07:47
EMP000073,Alka,Deo,Clerk,Loans,BR00013,emp000073@fintechbank.in,+918315144891,2021-10-08T14:46:41,382792.0,EMP000013,active,3.7,2021-10-08T14:46:41
EMP000074,Ikshita,Biswas,Officer,Customer Service,BR00018,emp000074@fintechbank.in,+918948821078,2015-08-18T11:10:27,517729.11,EMP000027,active,2.4,2015-08-18T11:10:27
EMP000075,Yash,Pingle,Clerk,Operations,BR00004,emp000075@fintechbank.in,+919964229896,2022-08-22T02:27:13,287029.97,EMP000039,active,3.5,2022-08-22T02:27:13
EMP000076,Bhavani,Dugar,Manager,Customer Service,BR00017,emp000076@fintechbank.in,+917431756350,2020-02-26T07:53:09,1116314.18,EMP000100,active,3.1,2020-02-26T07:53:09
EMP000077,Raksha,Mittal,Officer,Customer Service,BR00018,emp000077@fintechbank.in,+917195488441,2012-02-26T13:25:09,693573.73,EMP000027,active,4.1,2012-02-26T13:25:09
EMP000078,Abhiram,Mistry,Clerk,Retail Banking,BR00016,emp000078@fintechbank.in,+919465587067,2011-09-30T10:58:41,306867.87,EMP000016,active,3.0,2011-09-30T10:58:41
EMP000079,Hemang,Desai,Executive,Retail Banking,BR00009,emp000079@fintechbank.in,+917280647907,2018-02-16T12:08:26,3202122.33,,active,3.9,2018-02-16T12:08:26
EMP000080,Aishani,D’Alia,Clerk,Operations,BR00005,emp000080@fintechbank.in,+918304963614,2023-10-20T06:16:25,267036.18,EMP000005,active,3.7,2023-10-20T06:16:25
EMP000081,Hredhaan,Dugal,Officer,Operations,BR00020,emp000081@fintechbank.in,+917969318858,2023-06-15T11:49:08,643923.38,EMP000097,active,4.7,2023-06-15T11:49:08
EMP000082,Anita,Manda,Clerk,Customer Service,BR00019,emp000082@fintechbank.in,+919442244963,2017-04-18T15:44:24,374205.46,EMP000090,active,4.2,2017-04-18T15:44:24
EMP000083,Shivansh,Oza,Senior Manager,Loans,BR00007,emp000083@fintechbank.in,+918136646449,2020-08-22T19:33:45,1728342.51,EMP000038,active,2.5,2020-08-22T19:33:45
EMP000084,Samar,Lalla,Clerk,Fraud & Risk,BR00001,emp000084@fintechbank.in,+919960826470,2016-12-13T10:33:21,368762.24,EMP000001,active,2.7,2016-12-13T10:33:21
EMP000085,Yashasvi,Suresh,Manager,IT,BR00015,emp000085@fintechbank.in,+918002547591,2011-03-19T07:05:42,1161955.52,EMP000015,active,3.9,2011-03-19T07:05:42
EMP000086,Zayan,Behl,Manager,Retail Banking,BR00007,emp000086@fintechbank.in,+919338877621,2017-03-26T17:19:07,812404.73,EMP000007,active,2.8,2017-03-26T17:19:07
EMP000087,George,Sampath,Clerk,Customer Service,BR00002,emp000087@fintechbank.in,+919555694670,2012-10-28T00:11:57,399791.54,EMP000002,active,2.9,2012-10-28T00:11:57
EMP000088,Aradhana,Basu,Clerk,Fraud & Risk,BR00010,emp000088@fintechbank.in,+918169288485,2021-11-26T23:51:00,350094.44,EMP000010,active,2.2,2021-11-26T23:51:00
EMP000089,Aarush,Nath,Clerk,Customer Service,BR00014,emp000089@fintechbank.in,+919592930364,2022-07-01T05:38:19,300073.58,EMP000030,active,4.9,2022-07-01T05:38:19
EMP000090,Kalpit,Lala,Manager,Retail Banking,BR00019,emp000090@fintechbank.in,+919887427412,2019-12-28T06:07:03,1110710.62,EMP000019,active,4.3,2019-12-28T06:07:03
EMP000091,Neel,Sathe,Clerk,Fraud & Risk,BR00017,emp000091@fintechbank.in,+918194673401,2021-01-31T08:08:15,286297.83,EMP000017,active,3.9,2021-01-31T08:08:15
EMP000092,Prisha,Andra,Officer,Customer Service,BR00003,emp000092@fintechbank.in,+918753841726,2017-12-30T13:01:50,533327.1,EMP000052,active,4.6,2017-12-30T13:01:50
EMP000093,Isaac,Borra,Officer,IT,BR00016,emp000093@fintechbank.in,+918719929315,2014-11-26T22:09:11,653391.51,EMP000046,active,3.4,2014-11-26T22:09:11
EMP000094,Manthan,Banik,Officer,Fraud & Risk,BR00011,emp000094@fintechbank.in,+919210174072,2011-12-22T07:28:54,656231.8,EMP000011,active,4.6,2011-12-22T07:28:54
EMP000095,Kala,Divan,Officer,Operations,BR00002,emp000095@fintechbank.in,+918553830525,2013-03-11T14:20:10,605658.47,EMP000002,active,3.3,2013-03-11T14:20:10
EMP000096,Qushi,Datta,Clerk,Loans,BR00009,emp000096@fintechbank.in,+918237075775,2019-05-06T17:34:10,337623.22,EMP000079,active,2.4,2019-05-06T17:34:10
EMP000097,Benjamin,Morar,Executive,Loans,BR00020,emp000097@fintechbank.in,+917680229045,2023-08-07T18:18:14,2932250.42,,active,3.2,2023-08-07T18:18:14
EMP000098,Janya,Baral,Clerk,Retail Banking,BR00004,emp000098@fintechbank.in,+919781891923,2017-11-07T08:05:49,416428.63,EMP000004,active,4.1,2017-11-07T08:05:49
EMP000099,Ishita,Kade,Officer,Fraud & Risk,BR00009,emp000099@fintechbank.in,+919028168523,2017-01-25T18:24:37,510932.73,EMP000071,active,3.2,2017-01-25T18:24:37
EMP000100,Zaid,Chauhan,Senior Manager,Loans,BR00017,emp000100@fintechbank.in,+917299832023,2022-09-12T07:12:39,1420997.92,EMP000076,active,3.2,2022-09-12T07:12:39
