loan_id,customer_id,loan_type,principal_amount,interest_rate,tenure_months,emi_amount,disbursement_date,status,outstanding_amount,next_due_date,collateral_type,co_applicant,sanctioning_branch_id,loan_officer_id,credit_score_at_approval,purpose,prepayment_flag,created_at
LOAN000001,CUST000602,home,7528714.0,7.88,240,62412.08,2020-09-10T04:59:16,closed,0.0,,property,,BR00002,EMP000077,698,Home loan,False,2020-09-10T04:59:16
LOAN000002,CUST000522,business,6581971.69,14.93,36,227940.65,2023-09-13T20:19:32,active,2204960.52,2026-11-13T10:11:18.735000,fd,Vrinda Deep,BR00012,EMP000006,734,Business loan,False,2023-09-13T20:19:32
LOAN000003,CUST000265,business,7181954.68,10.11,60,152984.32,2020-04-06T22:55:31,active,2405954.82,2026-11-01T00:55:20.735000,fd,,BR00020,EMP000061,603,Business loan,False,2020-04-06T22:55:31
LOAN000004,CUST000125,auto,1923990.41,10.97,60,41803.43,2022-08-09T16:46:31,closed,0.0,,vehicle,Akshay Chahal,BR00014,EMP000062,742,Auto loan,False,2022-08-09T16:46:31
LOAN000005,CUST000237,education,466093.17,11.92,120,6665.55,2023-05-15T09:57:16,active,357338.1,2026-11-20T15:55:53.735000,none,,BR00004,EMP000012,847,Education loan,False,2023-05-15T09:57:16
LOAN000006,CUST000413,education,1125858.43,10.23,120,15022.07,2020-03-24T12:55:07,defaulted,585334.59,2020-01-27T02:34:21,none,,BR00005,EMP000010,707,Education loan,True,2020-03-24T12:55:07
LOAN000007,CUST000425,business,3001069.73,16.13,180,44349.05,2020-05-27T17:14:43,active,2102416.07,2026-10-12T03:29:36.735000,fd,Ranbir Ghose,BR00006,EMP000040,719,Business loan,False,2020-05-27T17:14:43
LOAN000008,CUST000655,gold,185276.45,13.93,180,2458.7,2022-01-10T11:08:04,closed,0.0,,gold,,BR00004,EMP000084,764,Gold loan,False,2022-01-10T11:08:04
LOAN000009,CUST000955,business,3134934.5,15.08,12,283072.25,2020-06-11T20:02:31,active,1050203.06,2026-11-02T21:45:33.735000,fd,,BR00018,EMP000033,688,Business loan,False,2020-06-11T20:02:31
LOAN000010,CUST000198,home,8836388.84,8.81,84,141318.78,2022-01-02T05:38:25,closed,0.0,,property,Frederick Butala,BR00019,EMP000048,845,Home loan,False,2022-01-02T05:38:25
LOAN000011,CUST000571,home,9853736.44,8.08,12,857525.58,2023-06-09T06:22:00,closed,0.0,,property,,BR00002,EMP000080,890,Home loan,False,2023-06-09T06:22:00
LOAN000012,CUST000694,auto,1515457.68,11.4,240,16057.0,2018-10-29T19:39:29,defaulted,582833.9,2021-05-27T10:56:23,vehicle,,BR00009,EMP000003,689,Auto loan,False,2018-10-29T19:39:29
LOAN000013,CUST000077,business,7096921.5,10.71,180,79375.76,2022-01-07T00:30:08,defaulted,3789852.35,2025-10-28T06:51:44,fd,Abdul Guha,BR00009,EMP000053,587,Business loan,False,2022-01-07T00:30:08
LOAN000014,CUST000228,gold,417489.3,13.48,84,7704.32,2025-03-13T08:31:50,closed,0.0,,gold,Brinda Som,BR00014,EMP000089,758,Gold loan,False,2025-03-13T08:31:50
LOAN000015,CUST000697,personal,298344.44,10.98,120,4106.32,2023-05-02T01:32:04,active,226990.39,2026-10-21T17:45:50.735000,none,Kashish Saran,BR00007,EMP000031,851,Personal loan,False,2023-05-02T01:32:04
LOAN000016,CUST000003,personal,251251.42,15.06,24,12189.5,2024-01-10T15:24:14,defaulted,77368.51,2025-11-28T22:47:58,none,,BR00008,EMP000019,685,Personal loan,False,2024-01-10T15:24:14
LOAN000017,CUST000028,home,4108592.97,8.21,48,100708.26,2025-03-03T20:21:30,closed,0.0,,property,,BR00013,EMP000097,878,Home loan,True,2025-03-03T20:21:30
LOAN000018,CUST000245,home,2670801.28,9.41,12,234073.62,2022-12-26T04:07:34,defaulted,1554341.26,2023-01-01T02:06:27,property,Pallavi Minhas,BR00002,EMP000051,789,Home loan,True,2022-12-26T04:07:34
LOAN000019,CUST000269,gold,137804.1,11.1,120,1906.06,2023-07-24T01:22:04,defaulted,106582.19,2024-12-23T14:48:44,gold,,BR00008,EMP000033,751,Gold loan,False,2023-07-24T01:22:04
LOAN000020,CUST000736,auto,1220444.16,10.8,180,13718.64,2025-04-02T07:36:11,active,1135013.07,2026-10-17T04:47:15.735000,vehicle,,BR00003,EMP000044,876,Auto loan,True,2025-04-02T07:36:11
LOAN000021,CUST000914,gold,467372.14,13.89,48,12745.86,2021-04-23T11:59:41,active,156569.67,2026-10-18T10:44:24.735000,gold,,BR00009,EMP000043,732,Gold loan,False,2021-04-23T11:59:41
LOAN000022,CUST000158,home,9337527.61,9.24,120,119500.08,2023-08-01T23:45:51,closed,0.0,,property,Ethan Koshy,BR00012,EMP000003,662,Home loan,False,2023-08-01T23:45:51
LOAN000023,CUST000165,gold,69099.56,12.19,240,770.02,2022-10-05T19:02:54,closed,0.0,,gold,Tanmayi Dhar,BR00002,EMP000072,685,Gold loan,False,2022-10-05T19:02:54
LOAN000024,CUST000860,business,9933140.91,14.46,240,126852.95,2022-03-12T05:15:50,active,8339699.56,2026-09-29T11:36:02.735000,fd,,BR00004,EMP000092,583,Business loan,False,2022-03-12T05:15:50
LOAN000025,CUST000776,gold,31518.15,12.33,60,706.37,2018-04-26T17:27:43,closed,0.0,,gold,,BR00001,EMP000070,551,Gold loan,False,2018-04-26T17:27:43
LOAN000026,CUST000351,education,586093.99,9.51,180,6123.68,2018-08-08T17:05:59,defaulted,352579.99,2022-12-22T12:45:59,none,Oviya Cherian,BR00014,EMP000051,733,Education loan,True,2018-08-08T17:05:59
LOAN000027,CUST000587,auto,1884729.25,11.98,180,22595.67,2019-01-25T01:10:41,active,1203085.5,2026-11-06T08:52:22.735000,vehicle,,BR00004,EMP000098,832,Auto loan,False,2019-01-25T01:10:41
LOAN000028,CUST000526,auto,1912249.08,8.37,180,18685.24,2019-03-08T10:06:48,active,1235525.38,2026-11-01T18:58:21.735000,vehicle,,BR00016,EMP000058,893,Auto loan,False,2019-03-08T10:06:48
LOAN000029,CUST000120,personal,66996.22,12.45,84,1198.85,2019-08-02T05:15:01,defaulted,58095.49,2025-10-24T19:57:18,none,,BR00015,EMP000013,679,Personal loan,True,2019-08-02T05:15:01
LOAN000030,CUST000648,home,9253913.09,9.25,120,118480.37,2021-01-08T03:43:30,active,5529213.07,2026-11-16T06:58:26.735000,property,Pratyush Thaman,BR00011,EMP000084,754,Home loan,False,2021-01-08T03:43:30
LOAN000031,CUST000616,gold,127145.91,9.99,240,1226.14,2020-12-22T23:41:21,defaulted,56073.41,2025-03-19T10:22:57,gold,Anya Sanghvi,BR00009,EMP000031,632,Gold loan,False,2020-12-22T23:41:21
LOAN000032,CUST000341,auto,1884398.43,10.0,48,47793.21,2020-12-15T12:09:22,active,631273.47,2026-11-15T14:08:48.735000,vehicle,,BR00012,EMP000049,647,Auto loan,False,2020-12-15T12:09:22
LOAN000033,CUST000553,gold,152152.02,8.92,12,13300.27,2024-06-03T07:46:02,active,50970.93,2026-10-13T05:55:07.735000,gold,,BR00009,EMP000046,755,Gold loan,False,2024-06-03T07:46:02
LOAN000034,CUST000296,education,1781190.29,9.09,180,18161.51,2021-03-15T09:49:46,closed,0.0,,none,,BR00009,EMP000015,733,Education loan,False,2021-03-15T09:49:46
LOAN000035,CUST000408,home,8838334.43,9.15,60,184113.38,2020-07-16T07:49:06,closed,0.0,,property,,BR00003,EMP000080,867,Home loan,False,2020-07-16T07:49:06
LOAN000036,CUST000232,gold,465850.98,11.24,24,21764.25,2020-11-28T23:30:17,closed,0.0,,gold,,BR00013,EMP000050,822,Gold loan,False,2020-11-28T23:30:17
LOAN000037,CUST000626,gold,394623.8,12.61,12,35174.56,2020-02-24T13:53:27,defaulted,270294.49,2024-01-03T14:50:51,gold,,BR00014,EMP000021,852,Gold loan,False,2020-02-24T13:53:27
LOAN000038,CUST000510,auto,785124.44,8.72,60,16191.41,2020-05-13T22:27:24,closed,0.0,,vehicle,Netra Chokshi,BR00010,EMP000034,589,Auto loan,False,2020-05-13T22:27:24
LOAN000039,CUST000893,education,747312.48,7.51,12,64838.35,2020-01-18T06:27:18,active,250349.68,2026-10-21T07:37:05.735000,none,,BR00010,EMP000029,562,Education loan,False,2020-01-18T06:27:18
LOAN000040,CUST000196,auto,381830.33,9.91,240,3662.01,2022-08-13T09:02:25,active,326146.74,2026-10-19T14:28:56.735000,vehicle,Aradhana Kala,BR00019,EMP000041,827,Auto loan,False,2022-08-13T09:02:25
LOAN000041,CUST000845,gold,91625.27,11.18,24,4278.12,2023-04-10T21:41:16,defaulted,28957.35,2024-03-24T13:01:20,gold,,BR00020,EMP000006,674,Gold loan,True,2023-04-10T21:41:16
LOAN000042,CUST000072,business,2384251.39,14.12,60,55625.8,2023-02-19T13:26:03,closed,0.0,,fd,Quincy Jaggi,BR00011,EMP000028,691,Business loan,False,2023-02-19T13:26:03
LOAN000043,CUST000068,business,2807027.62,11.29,120,39129.03,2019-07-25T15:09:59,active,1382461.1,2026-11-08T04:12:33.735000,fd,,BR00020,EMP000030,854,Business loan,False,2019-07-25T15:09:59
LOAN000044,CUST000937,education,734107.52,8.79,48,18195.18,2024-04-13T12:44:40,defaulted,396781.3,2026-04-12T13:01:18,none,,BR00011,EMP000024,603,Education loan,False,2024-04-13T12:44:40
LOAN000045,CUST000971,business,6842426.34,12.1,120,98564.9,2023-01-27T03:11:42,closed,0.0,,fd,,BR00010,EMP000086,667,Business loan,False,2023-01-27T03:11:42
LOAN000046,CUST000951,gold,229369.23,12.24,240,2564.04,2022-06-11T11:37:46,active,194581.56,2026-10-29T17:13:51.735000,gold,,BR00010,EMP000026,652,Gold loan,False,2022-06-11T11:37:46
LOAN000047,CUST000524,home,2250906.36,8.93,84,36135.1,2019-11-09T20:21:23,closed,0.0,,property,,BR00016,EMP000053,649,Home loan,False,2019-11-09T20:21:23
LOAN000048,CUST000956,business,747048.61,10.16,240,7288.55,2018-12-01T12:26:20,closed,0.0,,fd,,BR00005,EMP000024,821,Business loan,False,2018-12-01T12:26:20
LOAN000049,CUST000797,personal,742038.02,14.46,12,66786.17,2019-08-17T13:40:48,active,248582.74,2026-11-21T06:35:22.735000,none,,BR00005,EMP000066,818,Personal loan,False,2019-08-17T13:40:48
LOAN000050,CUST000955,personal,426581.82,15.56,24,20797.2,2019-07-11T05:15:41,closed,0.0,,none,,BR00006,EMP000025,836,Personal loan,False,2019-07-11T05:15:41
LOAN000051,CUST000082,home,3156247.35,7.65,48,76535.73,2025-02-25T10:41:14,active,2281703.81,2026-10-22T03:31:37.735000,property,,BR00018,EMP000089,892,Home loan,True,2025-02-25T10:41:14
LOAN000052,CUST000495,home,8675635.66,8.66,240,76170.03,2020-05-20T02:12:52,closed,0.0,,property,Mekhala Trivedi,BR00017,EMP000051,817,Home loan,False,2020-05-20T02:12:52
LOAN000053,CUST000211,auto,416063.51,11.37,84,7205.22,2024-10-27T16:11:18,active,336318.0,2026-10-08T22:54:18.735000,vehicle,,BR00005,EMP000019,869,Auto loan,False,2024-10-27T16:11:18
LOAN000054,CUST000786,business,4156561.16,11.48,240,44269.53,2020-12-21T19:11:37,active,3307929.92,2026-11-01T12:18:42.735000,fd,,BR00013,EMP000060,810,Business loan,True,2020-12-21T19:11:37
LOAN000055,CUST000162,home,9027391.32,8.21,84,141649.2,2022-03-12T05:40:39,active,4889836.97,2026-10-03T18:21:33.735000,property,,BR00017,EMP000039,784,Home loan,False,2022-03-12T05:40:39
LOAN000056,CUST000244,personal,606026.91,17.84,36,21860.71,2018-02-14T11:00:28,closed,0.0,,none,,BR00007,EMP000046,845,Personal loan,False,2018-02-14T11:00:28
LOAN000057,CUST000482,auto,1141562.64,9.96,180,12239.37,2022-09-24T00:29:02,active,928470.95,2026-11-09T02:45:29.735000,vehicle,Oscar Nagar,BR00007,EMP000100,748,Auto loan,False,2022-09-24T00:29:02
LOAN000058,CUST000893,business,2017392.91,10.78,60,43641.99,2022-05-11T19:55:03,active,769971.63,2026-10-25T00:03:58.735000,fd,,BR00008,EMP000079,840,Business loan,False,2022-05-11T19:55:03
LOAN000059,CUST000407,education,1743798.23,9.41,60,36546.36,2020-01-06T23:31:57,active,584172.41,2026-10-22T03:15:34.735000,none,,BR00006,EMP000027,582,Education loan,False,2020-01-06T23:31:57
LOAN000060,CUST000716,business,7116856.55,10.91,24,331404.0,2020-11-19T00:14:20,active,2384146.94,2026-10-14T03:35:39.735000,fd,,BR00011,EMP000094,872,Business loan,False,2020-11-19T00:14:20
LOAN000061,CUST000259,auto,673662.02,9.96,180,7222.73,2018-11-13T22:43:54,active,424781.33,2026-10-01T14:49:45.735000,vehicle,,BR00020,EMP000095,709,Auto loan,False,2018-11-13T22:43:54
LOAN000062,CUST000748,business,610400.25,10.23,48,15548.84,2024-02-17T03:26:10,active,334448.47,2026-11-19T17:53:23.735000,fd,,BR00006,EMP000068,559,Business loan,False,2024-02-17T03:26:10
LOAN000063,CUST000921,auto,901251.59,11.48,240,9598.8,2022-05-12T06:49:39,active,761933.12,2026-09-29T12:53:02.735000,vehicle,,BR00007,EMP000020,649,Auto loan,False,2022-05-12T06:49:39
LOAN000064,CUST000885,personal,997450.93,14.41,60,23421.5,2018-12-21T11:07:19,closed,0.0,,none,Isaiah Chad,BR00015,EMP000061,797,Personal loan,True,2018-12-21T11:07:19
LOAN000065,CUST000913,gold,105524.77,8.96,48,2623.98,2022-08-29T00:06:38,closed,0.0,,gold,,BR00004,EMP000037,844,Gold loan,False,2022-08-29T00:06:38
LOAN000066,CUST000750,home,6174389.52,7.59,60,123986.33,2019-11-30T16:21:52,active,2068420.49,2026-10-31T21:17:45.735000,property,,BR00007,EMP000017,793,Home loan,False,2019-11-30T16:21:52
LOAN000067,CUST000531,gold,106802.25,12.35,24,5045.03,2019-04-14T00:00:24,closed,0.0,,gold,,BR00016,EMP000068,900,Gold loan,False,2019-04-14T00:00:24
LOAN000068,CUST000480,business,9932048.94,12.17,180,120289.7,2025-03-28T04:58:14,active,9236805.51,2026-11-23T21:02:50.735000,fd,Kalpit Oza,BR00016,EMP000022,744,Business loan,False,2025-03-28T04:58:14
LOAN000069,CUST000308,business,530581.6,14.49,180,7241.5,2022-07-12T11:17:51,defaulted,437486.92,2026-09-21T04:43:07,fd,,BR00009,EMP000008,793,Business loan,False,2022-07-12T11:17:51
LOAN000070,CUST000202,business,8871130.23,11.34,84,153485.88,2020-04-06T16:58:29,closed,0.0,,fd,,BR00017,EMP000078,692,Business loan,False,2020-04-06T16:58:29
LOAN000071,CUST000528,home,2065643.23,8.54,48,50953.62,2024-08-06T10:39:50,active,1282420.17,2026-10-03T18:25:52.735000,property,,BR00008,EMP000023,579,Home loan,False,2024-08-06T10:39:50
LOAN000072,CUST000979,gold,431132.95,12.44,36,14410.56,2021-05-23T22:24:14,closed,0.0,,gold,,BR00003,EMP000082,576,Gold loan,False,2021-05-23T22:24:14
LOAN000073,CUST000180,gold,75345.52,9.38,180,781.33,2019-07-22T16:09:05,active,49853.62,2026-10-12T16:57:02.735000,gold,,BR00005,EMP000082,765,Gold loan,False,2019-07-22T16:09:05
LOAN000074,CUST000151,personal,285211.22,14.02,120,4431.8,2018-09-06T13:49:09,defaulted,139877.32,2021-03-25T23:07:57,none,,BR00002,EMP000028,656,Personal loan,True,2018-09-06T13:49:09
LOAN000075,CUST000805,gold,177478.38,11.33,36,5838.19,2020-08-25T12:25:29,active,59455.26,2026-10-31T19:37:09.735000,gold,Vrinda Barman,BR00019,EMP000015,800,Gold loan,False,2020-08-25T12:25:29
LOAN000076,CUST000646,auto,1167826.27,10.38,120,15679.7,2021-07-12T04:26:59,active,738650.12,2026-10-17T20:00:20.735000,vehicle,,BR00013,EMP000035,725,Auto loan,False,2021-07-12T04:26:59
LOAN000077,CUST000372,auto,1532480.75,9.9,48,38794.12,2021-07-28T04:22:35,defaulted,671675.16,2021-06-03T04:50:06,vehicle,,BR00017,EMP000030,627,Auto loan,False,2021-07-28T04:22:35
LOAN000078,CUST000788,personal,625628.44,15.27,36,21770.43,2024-09-03T16:15:06,active,321503.5,2026-10-31T10:28:24.735000,none,,BR00005,EMP000041,706,Personal loan,True,2024-09-03T16:15:06
LOAN000079,CUST000437,gold,179453.75,11.52,12,15903.98,2022-12-22T10:53:18,active,60117.01,2026-11-20T08:29:44.735000,gold,,BR00017,EMP000003,848,Gold loan,True,2022-12-22T10:53:18
LOAN000080,CUST000793,education,1951184.38,9.53,120,25279.91,2018-08-13T03:50:02,active,835757.31,2026-11-06T23:33:58.735000,none,,BR00006,EMP000005,752,Education loan,False,2018-08-13T03:50:02
LOAN000081,CUST000741,gold,166858.63,13.51,12,14943.31,2019-08-12T12:36:28,active,55897.64,2026-11-03T01:47:53.735000,gold,,BR00007,EMP000049,746,Gold loan,False,2019-08-12T12:36:28
LOAN000082,CUST000055,education,1094645.13,8.45,240,9464.97,2018-11-19T02:01:53,closed,0.0,,none,,BR00006,EMP000001,642,Education loan,False,2018-11-19T02:01:53
LOAN000083,CUST000979,auto,1112948.22,11.53,48,29052.02,2019-12-20T01:36:26,defaulted,977085.35,2022-09-18T21:22:59,vehicle,Guneet Dey,BR00004,EMP000052,569,Auto loan,False,2019-12-20T01:36:26
LOAN000084,CUST000752,gold,418262.67,9.26,240,3833.44,2018-12-19T22:43:53,active,303588.99,2026-11-22T06:11:31.735000,gold,,BR00008,EMP000066,766,Gold loan,False,2018-12-19T22:43:53
LOAN000085,CUST000439,personal,174899.22,13.65,180,2288.22,2022-12-05T10:04:04,active,143611.69,2026-10-31T16:06:20.735000,none,,BR00012,EMP000093,577,Personal loan,True,2022-12-05T10:04:04
LOAN000086,CUST000700,gold,166409.28,11.02,180,1893.49,2024-02-09T00:34:46,closed,0.0,,gold,,BR00019,EMP000072,612,Gold loan,False,2024-02-09T00:34:46
LOAN000087,CUST000307,education,1420465.24,11.92,12,126153.46,2019-09-18T15:38:50,active,475855.86,2026-10-01T08:09:10.735000,none,Madhavi Banik,BR00010,EMP000008,791,Education loan,False,2019-09-18T15:38:50
LOAN000088,CUST000609,education,1138662.3,9.02,60,23647.81,2019-01-21T15:32:14,active,381451.87,2026-11-23T18:05:51.735000,none,,BR00008,EMP000061,839,Education loan,False,2019-01-21T15:32:14
LOAN000089,CUST000796,business,6230355.84,17.84,84,130364.97,2024-03-23T13:59:49,active,4672766.88,2026-11-13T08:06:29.735000,fd,,BR00010,EMP000060,751,Business loan,False,2024-03-23T13:59:49
LOAN000090,CUST000013,education,1990795.59,9.06,48,49597.77,2021-09-23T22:13:22,active,666916.52,2026-10-13T03:50:12.735000,none,,BR00015,EMP000100,744,Education loan,False,2021-09-23T22:13:22
LOAN000091,CUST000947,personal,819371.6,11.49,60,18016.0,2020-08-07T01:51:10,closed,0.0,,none,,BR00006,EMP000099,769,Personal loan,True,2020-08-07T01:51:10
LOAN000092,CUST000973,home,9164260.55,9.41,60,192063.71,2022-02-23T07:35:10,active,3283860.03,2026-11-03T18:15:39.735000,property,,BR00016,EMP000079,658,Home loan,False,2022-02-23T07:35:10
LOAN000093,CUST000497,auto,260599.88,8.5,24,11845.74,2020-07-10T05:16:46,active,87300.96,2026-11-20T11:14:29.735000,vehicle,Girish Mani,BR00018,EMP000060,824,Auto loan,False,2020-07-10T05:16:46
LOAN000094,CUST000186,personal,120600.2,11.7,24,5660.19,2024-12-24T13:38:17,active,46732.58,2026-10-21T17:58:34.735000,none,,BR00014,EMP000084,645,Personal loan,False,2024-12-24T13:38:17
LOAN000095,CUST000486,gold,200343.18,9.69,120,2613.28,2025-05-18T07:11:57,active,181644.48,2026-11-03T22:29:37.735000,gold,,BR00002,EMP000028,743,Gold loan,False,2025-05-18T07:11:57
LOAN000096,CUST000615,home,2057711.21,8.25,12,179235.01,2024-12-22T14:51:50,closed,0.0,,property,,BR00017,EMP000092,792,Home loan,True,2024-12-22T14:51:50
LOAN000097,CUST000139,auto,1903527.12,10.61,12,167890.8,2022-05-21T00:45:49,active,637681.59,2026-10-25T08:55:11.735000,vehicle,,BR00008,EMP000051,863,Auto loan,False,2022-05-21T00:45:49
LOAN000098,CUST000942,auto,1797484.58,8.19,48,44042.34,2023-09-28T11:32:25,active,853805.18,2026-10-01T14:59:41.735000,vehicle,Zashil Munshi,BR00006,EMP000058,677,Auto loan,False,2023-09-28T11:32:25
LOAN000099,CUST000790,personal,339511.13,13.82,60,7868.18,2022-11-17T23:13:50,closed,0.0,,none,Anita Bumb,BR00013,EMP000008,875,Personal loan,False,2022-11-17T23:13:50
LOAN000100,CUST000806,auto,928098.53,11.74,24,43576.22,2022-02-12T09:02:53,active,310913.01,2026-11-22T09:58:10.735000,vehicle,,BR00018,EMP000032,582,Auto loan,False,2022-02-12T09:02:53
LOAN000101,CUST000326,home,9986192.09,8.05,84,155895.81,2021-11-06T11:18:55,active,5076314.31,2026-11-19T09:55:23.735000,property,,BR00005,EMP000024,624,Home loan,True,2021-11-06T11:18:55
LOAN000102,CUST000442,auto,1608131.65,11.34,84,27823.46,2023-04-16T10:03:06,closed,0.0,,vehicle,Gayathri Vaidya,BR00019,EMP000003,740,Auto loan,False,2023-04-16T10:03:06
LOAN000103,CUST000662,gold,449061.45,9.69,120,5857.56,2023-07-15T10:04:53,active,349519.5,2026-10-12T02:49:42.735000,gold,,BR00017,EMP000088,646,Gold loan,False,2023-07-15T10:04:53
LOAN000104,CUST000131,business,8846472.27,14.86,24,428347.59,2025-01-25T18:56:08,defaulted,6746168.14,2023-06-17T09:02:36,fd,,BR00018,EMP000096,601,Business loan,False,2025-01-25T18:56:08
LOAN000105,CUST000872,personal,82787.59,11.3,120,1154.5,2025-04-10T19:06:20,active,74577.82,2026-10-21T06:33:58.735000,none,,BR00010,EMP000034,553,Personal loan,False,2025-04-10T19:06:20
LOAN000106,CUST000815,education,273725.15,11.77,84,4798.39,2019-12-11T07:45:24,defaulted,194783.42,2021-05-02T12:32:15,none,Upkaar Bhatnagar,BR00014,EMP000061,724,Education loan,False,2019-12-11T07:45:24
LOAN000107,CUST000382,education,103964.44,10.63,36,3385.47,2020-05-11T07:39:53,active,34828.09,2026-09-29T01:13:48.735000,none,Charvi Gala,BR00010,EMP000061,731,Education loan,False,2020-05-11T07:39:53
LOAN000108,CUST000874,personal,283847.68,14.52,120,4496.38,2022-03-28T20:59:45,active,194435.66,2026-11-20T14:03:44.735000,none,,BR00003,EMP000073,875,Personal loan,False,2022-03-28T20:59:45
LOAN000109,CUST000894,personal,695683.73,17.29,24,34493.2,2018-09-07T05:10:29,active,233054.05,2026-10-23T08:04:10.735000,none,,BR00009,EMP000093,795,Personal loan,True,2018-09-07T05:10:29
LOAN000110,CUST000918,education,1050173.89,9.99,24,48455.35,2018-01-25T05:47:00,closed,0.0,,none,,BR00017,EMP000053,812,Education loan,False,2018-01-25T05:47:00
LOAN000111,CUST000284,home,8691741.92,8.22,12,756965.39,2023-12-10T08:57:58,defaulted,6933496.33,2023-04-18T05:39:20,property,,BR00016,EMP000069,727,Home loan,False,2023-12-10T08:57:58
LOAN000112,CUST000164,personal,492719.5,17.41,48,14322.17,2023-03-25T14:43:29,defaulted,188516.33,2025-09-15T15:13:42,none,,BR00009,EMP000054,780,Personal loan,False,2023-03-25T14:43:29
LOAN000113,CUST000157,home,7203546.82,7.71,60,145064.23,2019-04-02T18:22:41,active,2413188.18,2026-10-29T21:07:16.735000,property,,BR00006,EMP000021,827,Home loan,False,2019-04-02T18:22:41
LOAN000114,CUST000821,home,6587521.08,7.65,84,101529.59,2025-02-01T14:53:42,active,5489600.9,2026-10-10T03:37:30.735000,property,,BR00019,EMP000004,771,Home loan,False,2025-02-01T14:53:42
LOAN000115,CUST000783,personal,740547.74,15.36,120,12111.41,2021-09-11T18:24:46,active,477036.17,2026-10-11T22:36:12.735000,none,,BR00017,EMP000075,695,Personal loan,False,2021-09-11T18:24:46
LOAN000116,CUST000584,auto,1337974.63,11.19,60,29217.75,2024-12-21T03:35:13,closed,0.0,,vehicle,,BR00009,EMP000034,631,Auto loan,False,2024-12-21T03:35:13
LOAN000117,CUST000479,personal,975991.92,11.97,12,86702.0,2024-05-02T23:06:20,closed,0.0,,none,,BR00019,EMP000041,878,Personal loan,False,2024-05-02T23:06:20
LOAN000118,CUST000006,education,1025734.8,10.06,60,21824.13,2024-04-26T20:34:09,active,678694.53,2026-10-05T09:57:15.735000,none,,BR00011,EMP000029,610,Education loan,True,2024-04-26T20:34:09
LOAN000119,CUST000146,business,8049114.82,10.09,24,371760.25,2019-11-29T12:41:24,closed,0.0,,fd,,BR00002,EMP000027,644,Business loan,False,2019-11-29T12:41:24
LOAN000120,CUST000507,business,5554433.76,10.6,60,119661.79,2023-08-14T17:11:01,active,3156769.85,2026-10-22T11:33:09.735000,fd,Rushil Karpe,BR00012,EMP000081,880,Business loan,False,2023-08-14T17:11:01
LOAN000121,CUST000717,gold,151640.58,9.24,48,3790.89,2018-11-23T05:36:41,active,50799.59,2026-11-13T16:04:01.735000,gold,Anthony Sarraf,BR00004,EMP000100,888,Gold loan,True,2018-11-23T05:36:41
LOAN000122,CUST000089,education,902602.59,11.86,12,80136.04,2018-03-19T23:26:55,closed,0.0,,none,,BR00008,EMP000093,634,Education loan,False,2018-03-19T23:26:55
LOAN000123,CUST000110,auto,756268.06,10.49,12,66660.45,2019-12-22T15:45:35,active,253349.8,2026-10-28T16:39:49.735000,vehicle,,BR00015,EMP000076,860,Auto loan,False,2019-12-22T15:45:35
LOAN000124,CUST000962,auto,510444.37,11.72,48,13371.89,2021-04-07T16:57:34,closed,0.0,,vehicle,,BR00011,EMP000028,718,Auto loan,False,2021-04-07T16:57:34
LOAN000125,CUST000498,personal,529045.2,11.36,48,13766.13,2019-07-23T05:56:54,closed,0.0,,none,,BR00006,EMP000084,835,Personal loan,False,2019-07-23T05:56:54
LOAN000126,CUST000239,education,1773933.36,7.98,48,43290.25,2021-09-09T18:44:11,active,594267.68,2026-11-06T00:29:27.735000,none,Samar Shukla,BR00014,EMP000100,615,Education loan,False,2021-09-09T18:44:11
LOAN000127,CUST000856,personal,554362.73,17.9,240,8512.9,2020-07-16T21:04:25,active,433095.88,2026-10-28T03:06:45.735000,none,,BR00019,EMP000013,791,Personal loan,False,2020-07-16T21:04:25
LOAN000128,CUST000760,gold,498410.1,10.06,24,23012.9,2020-11-04T17:37:51,defaulted,342294.91,2020-11-17T02:50:38,gold,,BR00008,EMP000044,899,Gold loan,False,2020-11-04T17:37:51
LOAN000129,CUST000060,personal,67335.4,16.96,120,1168.57,2019-11-27T11:56:52,active,34733.84,2026-10-18T06:04:54.735000,none,,BR00018,EMP000029,759,Personal loan,False,2019-11-27T11:56:52
LOAN000130,CUST000045,auto,349371.88,10.0,12,30715.34,2022-11-30T12:43:52,active,117039.58,2026-10-05T17:25:15.735000,vehicle,,BR00017,EMP000082,797,Auto loan,False,2022-11-30T12:43:52
LOAN000131,CUST000669,business,1329176.66,16.52,84,26795.36,2022-05-27T03:37:14,active,753200.11,2026-10-28T14:10:31.735000,fd,,BR00003,EMP000001,638,Business loan,False,2022-05-27T03:37:14
LOAN000132,CUST000866,education,423606.77,11.99,12,37634.97,2025-05-01T16:01:01,active,141908.27,2026-10-10T00:58:30.735000,none,,BR00018,EMP000054,586,Education loan,False,2025-05-01T16:01:01
LOAN000133,CUST000667,education,1815111.31,10.22,84,30339.73,2023-02-11T06:15:50,defaulted,701720.91,2022-10-21T13:02:37,none,,BR00019,EMP000058,870,Education loan,False,2023-02-11T06:15:50
LOAN000134,CUST000725,home,3163099.48,9.37,24,145042.95,2021-04-17T23:40:29,active,1059638.33,2026-10-01T00:53:39.735000,property,,BR00002,EMP000003,700,Home loan,False,2021-04-17T23:40:29
LOAN000135,CUST000588,home,9716057.79,7.76,180,91510.56,2018-07-05T16:21:03,active,5937590.87,2026-11-23T18:22:25.735000,property,,BR00001,EMP000099,787,Home loan,True,2018-07-05T16:21:03
LOAN000136,CUST000166,auto,854622.67,11.29,24,39947.28,2019-01-23T02:25:44,active,286298.59,2026-10-18T04:29:47.735000,vehicle,,BR00003,EMP000018,750,Auto loan,False,2019-01-23T02:25:44
LOAN000137,CUST000517,business,8359875.86,12.18,120,120811.43,2023-09-29T05:36:04,active,6604301.93,2026-10-20T20:16:19.735000,fd,Tanay Mukherjee,BR00002,EMP000019,605,Business loan,False,2023-09-29T05:36:04
LOAN000138,CUST000047,education,1151031.96,8.81,24,52484.31,2020-01-30T17:18:12,closed,0.0,,none,Anika Shroff,BR00016,EMP000003,560,Education loan,False,2020-01-30T17:18:12
LOAN000139,CUST000112,personal,927738.92,13.74,180,12193.45,2023-08-15T07:58:35,active,794247.6,2026-11-09T12:22:34.735000,none,,BR00017,EMP000080,674,Personal loan,False,2023-08-15T07:58:35
LOAN000140,CUST000880,business,5796760.72,12.29,24,273659.36,2019-04-01T22:02:09,active,1941914.84,2026-09-27T03:48:59.735000,fd,,BR00005,EMP000042,588,Business loan,False,2019-04-01T22:02:09
LOAN000141,CUST000656,gold,410693.58,13.23,120,6187.94,2021-12-11T14:14:53,closed,0.0,,gold,,BR00019,EMP000014,657,Gold loan,False,2021-12-11T14:14:53
LOAN000142,CUST000743,gold,375013.08,13.28,36,12686.31,2023-06-27T13:01:51,closed,0.0,,gold,,BR00013,EMP000037,826,Gold loan,False,2023-06-27T13:01:51
LOAN000143,CUST000094,personal,841203.78,15.5,24,40987.27,2020-12-01T18:49:12,closed,0.0,,none,,BR00002,EMP000049,581,Personal loan,False,2020-12-01T18:49:12
LOAN000144,CUST000855,auto,1918402.09,10.51,12,169113.4,2024-03-23T04:28:26,closed,0.0,,vehicle,,BR00002,EMP000092,785,Auto loan,False,2024-03-23T04:28:26
LOAN000145,CUST000525,personal,626656.1,15.21,84,12166.38,2024-04-03T20:03:22,closed,0.0,,none,Ladli Mishra,BR00005,EMP000041,650,Personal loan,False,2024-04-03T20:03:22
LOAN000146,CUST000985,home,1375382.53,7.45,240,11037.98,2024-02-10T22:23:15,active,1251025.03,2026-11-10T23:55:19.735000,property,,BR00007,EMP000097,600,Home loan,False,2024-02-10T22:23:15
LOAN000147,CUST000647,business,5707740.58,15.78,180,82955.78,2018-05-29T00:25:08,closed,0.0,,fd,,BR00019,EMP000002,779,Business loan,False,2018-05-29T00:25:08
LOAN000148,CUST000527,auto,1547855.15,11.18,60,33793.24,2022-09-22T08:17:04,closed,0.0,,vehicle,Matthew Hans,BR00011,EMP000077,597,Auto loan,True,2022-09-22T08:17:04
LOAN000149,CUST000987,gold,27661.79,10.7,24,1285.41,2023-04-29T11:11:41,defaulted,21891.93,2022-08-21T15:25:18,gold,,BR00008,EMP000002,812,Gold loan,False,2023-04-29T11:11:41
LOAN000150,CUST000710,education,632723.91,11.17,12,55971.37,2021-10-08T14:04:42,active,211962.51,2026-10-15T04:43:38.735000,none,Irya Pant,BR00008,EMP000058,556,Education loan,False,2021-10-08T14:04:42
LOAN000151,CUST000708,gold,350534.59,11.08,60,7635.46,2024-02-08T11:08:04,active,219668.34,2026-10-15T07:22:57.735000,gold,,BR00010,EMP000006,569,Gold loan,True,2024-02-08T11:08:04
LOAN000152,CUST000455,personal,993642.14,13.78,240,12197.7,2023-01-07T16:22:36,active,863226.61,2026-11-03T19:54:10.735000,none,Faris Dave,BR00016,EMP000023,820,Personal loan,False,2023-01-07T16:22:36
LOAN000153,CUST000307,personal,268498.93,16.51,84,5411.23,2024-11-04T01:03:49,active,217036.64,2026-11-22T08:27:21.735000,none,Naksh Morar,BR00005,EMP000064,879,Personal loan,True,2024-11-04T01:03:49
LOAN000154,CUST000986,auto,725897.09,10.21,60,15498.28,2021-05-06T00:14:06,closed,0.0,,vehicle,,BR00002,EMP000040,799,Auto loan,False,2021-05-06T00:14:06
LOAN000155,CUST000106,personal,123092.34,12.32,240,1382.91,2024-09-25T05:21:53,active,114475.88,2026-10-30T03:52:11.735000,none,Zinal Kala,BR00019,EMP000066,862,Personal loan,False,2024-09-25T05:21:53
LOAN000156,CUST000466,home,9555878.29,9.42,60,200317.85,2022-03-23T16:01:37,active,3535674.97,2026-11-21T11:59:44.735000,property,,BR00013,EMP000089,823,Home loan,False,2022-03-23T16:01:37
LOAN000157,CUST000214,education,1064052.52,8.42,84,16808.08,2020-10-25T20:44:54,closed,0.0,,none,,BR00018,EMP000046,704,Education loan,False,2020-10-25T20:44:54
LOAN000158,CUST000876,auto,890737.5,8.64,240,7809.13,2024-04-04T07:38:35,defaulted,309866.3,2020-10-24T04:00:36,vehicle,Aachal Ramesh,BR00017,EMP000059,742,Auto loan,True,2024-04-04T07:38:35
LOAN000159,CUST000944,education,973833.74,7.69,180,9133.02,2021-03-04T04:16:46,active,720095.95,2026-10-03T16:03:19.735000,none,Daniel Sachar,BR00007,EMP000036,711,Education loan,False,2021-03-04T04:16:46
LOAN000160,CUST000090,auto,1656245.7,10.44,180,18246.56,2025-04-13T16:12:22,active,1546749.46,2026-11-02T22:56:01.735000,vehicle,Jagat Mand,BR00003,EMP000080,680,Auto loan,False,2025-04-13T16:12:22
LOAN000161,CUST000365,education,1174368.14,8.56,180,11605.81,2020-02-19T05:39:45,defaulted,517754.34,2026-02-26T01:45:34,none,,BR00011,EMP000067,666,Education loan,False,2020-02-19T05:39:45
LOAN000162,CUST000604,gold,32825.51,10.92,84,560.67,2019-09-07T20:32:01,active,10996.55,2026-11-15T03:36:57.735000,gold,,BR00005,EMP000083,782,Gold loan,False,2019-09-07T20:32:01
LOAN000163,CUST000257,home,5199426.97,9.32,24,238298.6,2022-07-02T03:55:22,active,1741808.03,2026-11-23T13:19:41.735000,property,,BR00008,EMP000013,756,Home loan,True,2022-07-02T03:55:22
LOAN000164,CUST000582,business,8695168.23,11.49,120,122200.36,2021-05-31T02:45:36,closed,0.0,,fd,,BR00003,EMP000074,859,Business loan,False,2021-05-31T02:45:36
LOAN000165,CUST000228,gold,83194.23,10.94,240,855.33,2021-08-14T03:47:41,closed,0.0,,gold,Wyatt Kashyap,BR00017,EMP000050,553,Gold loan,False,2021-08-14T03:47:41
LOAN000166,CUST000778,auto,799886.69,9.36,120,10289.12,2023-01-17T13:23:46,closed,0.0,,vehicle,Warhi Sane,BR00014,EMP000073,763,Auto loan,False,2023-01-17T13:23:46
LOAN000167,CUST000758,home,1220284.84,7.82,84,18910.37,2022-03-20T08:38:40,closed,0.0,,property,,BR00013,EMP000015,783,Home loan,False,2022-03-20T08:38:40
LOAN000168,CUST000092,personal,238574.78,17.55,12,21821.47,2023-12-19T11:44:14,defaulted,199249.39,2020-02-29T22:04:06,none,,BR00003,EMP000090,662,Personal loan,False,2023-12-19T11:44:14
LOAN000169,CUST000420,gold,288793.68,9.07,36,9192.97,2022-04-10T15:35:25,active,96745.88,2026-11-13T17:10:29.735000,gold,,BR00018,EMP000075,557,Gold loan,False,2022-04-10T15:35:25
LOAN000170,CUST000353,education,495381.8,7.72,36,15459.56,2023-08-20T20:41:43,active,165952.9,2026-10-22T17:45:36.735000,none,,BR00009,EMP000097,822,Education loan,False,2023-08-20T20:41:43
LOAN000171,CUST000179,home,4059001.32,9.34,84,66008.14,2024-06-05T12:45:34,active,3111901.01,2026-10-24T08:15:31.735000,property,Laban Kapadia,BR00003,EMP000049,601,Home loan,False,2024-06-05T12:45:34
LOAN000172,CUST000421,business,8833441.02,16.1,84,175953.85,2025-04-02T03:13:05,active,7508424.87,2026-10-24T23:40:03.735000,fd,Sanya Cheema,BR00002,EMP000056,650,Business loan,False,2025-04-02T03:13:05
LOAN000173,CUST000192,gold,84463.31,12.16,24,3982.3,2022-09-27T08:40:34,defaulted,63268.18,2021-08-06T09:13:20,gold,,BR00018,EMP000050,760,Gold loan,False,2022-09-27T08:40:34
LOAN000174,CUST000906,home,3261883.49,8.33,240,27957.4,2021-04-16T09:20:08,closed,0.0,,property,,BR00006,EMP000020,891,Home loan,False,2021-04-16T09:20:08
LOAN000175,CUST000856,business,1705097.96,13.2,120,25660.48,2019-11-25T00:20:22,active,879546.36,2026-10-04T02:23:45.735000,fd,,BR00013,EMP000061,775,Business loan,True,2019-11-25T00:20:22
LOAN000176,CUST000775,education,1143674.13,7.88,120,13803.51,2018-04-26T05:44:38,closed,0.0,,none,,BR00003,EMP000028,643,Education loan,False,2018-04-26T05:44:38
LOAN000177,CUST000972,auto,1240299.22,10.29,84,20776.76,2018-04-09T22:44:32,defaulted,923998.0,2022-09-19T19:00:33,vehicle,,BR00004,EMP000094,884,Auto loan,True,2018-04-09T22:44:32
LOAN000178,CUST000152,education,1999610.07,9.21,120,25558.03,2023-12-10T15:35:12,defaulted,925931.65,2021-05-21T18:46:17,none,,BR00018,EMP000079,703,Education loan,False,2023-12-10T15:35:12
LOAN000179,CUST000907,personal,228493.25,13.63,84,4235.4,2022-10-20T00:28:15,active,139000.06,2026-09-30T13:55:29.735000,none,,BR00017,EMP000048,781,Personal loan,False,2022-10-20T00:28:15
LOAN000180,CUST000609,auto,1651376.92,9.79,24,76042.71,2018-10-03T04:29:32,closed,0.0,,vehicle,Advaith Guha,BR00002,EMP000018,570,Auto loan,False,2018-10-03T04:29:32
LOAN000181,CUST000788,personal,133098.17,10.89,24,6196.62,2021-11-07T15:51:29,closed,0.0,,none,,BR00007,EMP000026,856,Personal loan,False,2021-11-07T15:51:29
LOAN000182,CUST000519,home,3188992.18,8.62,240,27917.49,2022-06-02T12:04:58,active,2705328.37,2026-11-17T22:29:57.735000,property,,BR00017,EMP000050,761,Home loan,False,2022-06-02T12:04:58
LOAN000183,CUST000610,gold,271984.88,9.0,60,5645.96,2020-04-09T03:32:27,active,91114.93,2026-11-08T01:59:00.735000,gold,,BR00020,EMP000028,695,Gold loan,False,2020-04-09T03:32:27
LOAN000184,CUST000646,business,8484868.45,11.1,36,278185.69,2020-03-07T12:37:52,active,2842430.93,2026-10-11T06:15:42.735000,fd,,BR00016,EMP000051,764,Business loan,False,2020-03-07T12:37:52
LOAN000185,CUST000800,auto,1303501.08,10.9,240,13365.99,2021-10-22T21:01:09,closed,0.0,,vehicle,,BR00004,EMP000097,599,Auto loan,False,2021-10-22T21:01:09
LOAN000186,CUST000082,auto,1009421.21,9.77,120,13211.34,2023-01-26T15:52:58,active,750336.43,2026-10-15T02:03:16.735000,vehicle,,BR00014,EMP000023,609,Auto loan,False,2023-01-26T15:52:58
LOAN000187,CUST000971,gold,332400.08,12.52,24,15728.07,2018-08-10T01:56:34,active,111354.03,2026-11-12T08:15:28.735000,gold,,BR00018,EMP000063,719,Gold loan,True,2018-08-10T01:56:34
LOAN000188,CUST000020,education,879539.53,11.58,120,12406.21,2021-08-14T04:52:41,closed,0.0,,none,,BR00013,EMP000049,568,Education loan,False,2021-08-14T04:52:41
LOAN000189,CUST000765,business,9745930.57,12.59,240,111346.41,2022-05-23T00:05:09,active,8267797.77,2026-10-02T00:54:18.735000,fd,,BR00004,EMP000079,785,Business loan,False,2022-05-23T00:05:09
LOAN000190,CUST000922,business,4896697.0,16.15,36,172516.18,2018-06-09T01:21:33,closed,0.0,,fd,Gunbir Ranganathan,BR00019,EMP000008,663,Business loan,False,2018-06-09T01:21:33
LOAN000191,CUST000787,auto,867908.98,9.75,180,9194.3,2022-05-30T11:38:55,closed,0.0,,vehicle,,BR00007,EMP000027,694,Auto loan,False,2022-05-30T11:38:55
LOAN000192,CUST000356,personal,287039.31,17.83,180,4587.48,2023-10-20T07:55:32,closed,0.0,,none,,BR00006,EMP000049,640,Personal loan,False,2023-10-20T07:55:32
LOAN000193,CUST000577,gold,394928.41,9.24,240,3614.46,2020-07-08T14:48:55,active,308537.82,2026-11-13T07:14:14.735000,gold,,BR00010,EMP000033,763,Gold loan,False,2020-07-08T14:48:55
LOAN000194,CUST000501,gold,292093.1,12.12,120,4210.97,2022-01-07T13:16:10,active,194972.14,2026-10-01T03:08:28.735000,gold,,BR00010,EMP000077,790,Gold loan,True,2022-01-07T13:16:10
LOAN000195,CUST000218,personal,631832.16,12.77,120,9348.41,2021-12-14T05:51:18,closed,0.0,,none,Kamya Andra,BR00004,EMP000029,894,Personal loan,False,2021-12-14T05:51:18
LOAN000196,CUST000485,auto,1068516.65,8.3,60,21819.4,2019-09-01T23:07:21,closed,0.0,,vehicle,,BR00010,EMP000016,800,Auto loan,False,2019-09-01T23:07:21
LOAN000197,CUST000358,business,3476700.69,11.0,84,59529.59,2023-08-08T16:27:22,active,2375745.47,2026-11-22T14:31:38.735000,fd,Pranav Bandi,BR00015,EMP000051,810,Business loan,False,2023-08-08T16:27:22
LOAN000198,CUST000589,education,1525822.82,8.16,12,132841.83,2024-12-10T08:26:30,active,511150.64,2026-10-21T12:23:46.735000,none,Abhiram Vohra,BR00002,EMP000082,818,Education loan,False,2024-12-10T08:26:30
LOAN000199,CUST000915,auto,1726890.64,10.49,12,152214.95,2022-12-02T05:45:24,closed,0.0,,vehicle,Shivani Natarajan,BR00017,EMP000042,870,Auto loan,False,2022-12-02T05:45:24
LOAN000200,CUST000645,home,4804679.72,8.38,240,41331.93,2018-02-18T05:08:22,active,3347260.2,2026-10-09T11:54:33.735000,property,,BR00010,EMP000080,832,Home loan,False,2018-02-18T05:08:22
LOAN000201,CUST000213,education,1954281.13,11.58,36,64518.77,2024-05-25T14:50:10,closed,0.0,,none,,BR00010,EMP000081,623,Education loan,False,2024-05-25T14:50:10
LOAN000202,CUST000188,gold,450937.19,9.65,48,11361.29,2023-12-11T19:16:31,active,233923.67,2026-10-02T05:07:22.735000,gold,,BR00018,EMP000088,749,Gold loan,False,2023-12-11T19:16:31
LOAN000203,CUST000621,personal,330015.1,16.98,60,8198.18,2020-09-05T08:54:04,closed,0.0,,none,,BR00013,EMP000024,631,Personal loan,False,2020-09-05T08:54:04
LOAN000204,CUST000649,auto,1250194.35,11.8,12,110961.32,2021-07-16T03:34:21,active,418815.11,2026-10-02T22:40:29.735000,vehicle,,BR00003,EMP000086,620,Auto loan,False,2021-07-16T03:34:21
LOAN000205,CUST000365,home,1995916.0,7.66,12,173307.99,2021-02-27T05:50:40,active,668631.86,2026-11-15T05:55:45.735000,property,,BR00003,EMP000042,587,Home loan,False,2021-02-27T05:50:40
LOAN000206,CUST000380,personal,269690.17,13.74,180,3544.59,2025-01-11T04:52:28,defaulted,176138.59,2024-07-12T16:59:38,none,,BR00006,EMP000081,786,Personal loan,False,2025-01-11T04:52:28
LOAN000207,CUST000026,education,1305587.4,7.78,24,58917.27,2024-11-17T02:49:49,active,467835.49,2026-11-21T08:13:22.735000,none,,BR00010,EMP000068,609,Education loan,False,2024-11-17T02:49:49
LOAN000208,CUST000662,auto,1351434.88,11.04,240,13986.16,2024-05-08T20:27:31,active,1241067.7,2026-10-06T02:59:25.735000,vehicle,,BR00019,EMP000045,884,Auto loan,False,2024-05-08T20:27:31
LOAN000209,CUST000256,personal,490745.04,14.41,240,6249.19,2024-12-12T09:10:23,active,460686.91,2026-10-10T10:34:56.735000,none,,BR00006,EMP000048,688,Personal loan,False,2024-12-12T09:10:23
LOAN000210,CUST000076,business,8528735.7,12.93,12,761483.37,2019-11-03T02:37:22,closed,0.0,,fd,,BR00009,EMP000081,849,Business loan,False,2019-11-03T02:37:22
LOAN000211,CUST001000,home,3176510.78,8.08,84,49636.48,2020-12-10T17:10:15,closed,0.0,,property,Chaman Jaggi,BR00013,EMP000088,802,Home loan,True,2020-12-10T17:10:15
LOAN000212,CUST000794,personal,849465.91,11.6,48,22203.23,2019-10-15T18:43:40,active,284571.08,2026-10-22T07:49:07.735000,none,Neelima Prakash,BR00003,EMP000077,894,Personal loan,False,2019-10-15T18:43:40
LOAN000213,CUST000453,personal,987739.33,14.36,180,13393.89,2022-09-26T05:22:24,closed,0.0,,none,,BR00008,EMP000063,806,Personal loan,False,2022-09-26T05:22:24
LOAN000214,CUST000449,business,8842760.25,14.41,120,139486.64,2023-01-25T09:45:55,closed,0.0,,fd,,BR00013,EMP000093,723,Business loan,False,2023-01-25T09:45:55
LOAN000215,CUST000832,gold,344726.66,13.23,24,16426.2,2020-05-17T01:52:34,closed,0.0,,gold,,BR00019,EMP000001,646,Gold loan,False,2020-05-17T01:52:34
LOAN000216,CUST000066,home,7773230.96,9.04,24,355260.73,2020-02-14T07:12:30,active,2604032.37,2026-11-05T22:53:56.735000,property,,BR00002,EMP000056,652,Home loan,False,2020-02-14T07:12:30
LOAN000217,CUST000779,personal,514975.35,10.81,240,5249.09,2018-08-01T09:20:06,active,366276.22,2026-10-20T21:48:23.735000,none,,BR00012,EMP000046,704,Personal loan,False,2018-08-01T09:20:06
LOAN000218,CUST000232,personal,322068.83,17.55,12,29458.34,2023-06-27T17:37:00,closed,0.0,,none,,BR00012,EMP000017,835,Personal loan,False,2023-06-27T17:37:00
LOAN000219,CUST000413,auto,890108.25,9.12,84,14375.29,2019-04-24T06:51:56,active,298186.26,2026-10-07T10:57:37.735000,vehicle,,BR00018,EMP000009,891,Auto loan,False,2019-04-24T06:51:56
LOAN000220,CUST000673,business,2856420.35,10.77,84,48564.13,2021-07-30T17:44:09,active,1380603.17,2026-11-19T09:44:07.735000,fd,,BR00010,EMP000037,607,Business loan,False,2021-07-30T17:44:09
LOAN000221,CUST000264,education,215519.55,8.94,120,2723.12,2025-01-11T00:33:44,closed,0.0,,none,Edhitha Tak,BR00015,EMP000097,716,Education loan,False,2025-01-11T00:33:44
LOAN000222,CUST000858,education,1948794.03,8.18,60,39682.61,2025-03-05T20:21:22,active,1539547.28,2026-10-01T10:20:46.735000,none,,BR00014,EMP000066,844,Education loan,True,2025-03-05T20:21:22
LOAN000223,CUST000975,personal,653238.16,11.42,48,17016.83,2024-05-27T20:50:30,active,386499.24,2026-10-05T17:42:49.735000,none,,BR00018,EMP000015,819,Personal loan,False,2024-05-27T20:50:30
LOAN000224,CUST000698,auto,683608.79,9.06,60,14210.51,2023-04-05T00:56:35,active,348640.48,2026-11-14T03:04:34.735000,vehicle,,BR00013,EMP000007,820,Auto loan,False,2023-04-05T00:56:35
LOAN000225,CUST000566,business,7572779.39,14.75,60,179163.66,2023-03-25T14:25:42,closed,0.0,,fd,Indali Modi,BR00007,EMP000007,857,Business loan,False,2023-03-25T14:25:42
LOAN000226,CUST000166,personal,761358.5,12.01,48,20053.23,2020-01-10T07:19:29,active,255055.1,2026-11-02T08:35:34.735000,none,Jairaj Puri,BR00018,EMP000042,716,Personal loan,False,2020-01-10T07:19:29
LOAN000227,CUST000107,gold,490853.75,13.36,84,9025.94,2019-09-23T21:01:31,active,164436.01,2026-10-27T00:15:13.735000,gold,Raksha Chahal,BR00010,EMP000063,651,Gold loan,False,2019-09-23T21:01:31
LOAN000228,CUST000032,auto,1833702.81,9.87,240,17537.98,2021-09-09T12:26:38,active,1507456.52,2026-11-03T23:10:51.735000,vehicle,,BR00020,EMP000065,770,Auto loan,False,2021-09-09T12:26:38
LOAN000229,CUST000157,auto,467782.77,9.02,24,21374.83,2022-03-17T01:01:55,closed,0.0,,vehicle,,BR00016,EMP000091,639,Auto loan,True,2022-03-17T01:01:55
LOAN000230,CUST000347,education,1014435.98,10.78,240,10319.43,2020-01-21T07:46:16,closed,0.0,,none,Noah Buch,BR00003,EMP000030,668,Education loan,False,2020-01-21T07:46:16
LOAN000231,CUST000388,auto,1995827.35,9.57,84,32691.36,2024-03-14T10:19:31,closed,0.0,,vehicle,,BR00009,EMP000098,759,Auto loan,False,2024-03-14T10:19:31
LOAN000232,CUST000261,home,7901717.07,7.53,84,121315.74,2020-06-02T20:25:23,active,2897296.26,2026-10-07T20:42:10.735000,property,,BR00015,EMP000051,565,Home loan,False,2020-06-02T20:25:23
LOAN000233,CUST000045,education,972658.54,8.52,60,19964.96,2020-12-11T04:10:39,active,325840.61,2026-10-21T09:32:32.735000,none,,BR00004,EMP000070,853,Education loan,False,2020-12-11T04:10:39
LOAN000234,CUST000267,education,1481716.08,8.55,240,12905.6,2018-04-20T16:08:45,closed,0.0,,none,,BR00010,EMP000067,618,Education loan,False,2018-04-20T16:08:45
LOAN000235,CUST000003,education,113642.88,9.39,24,5212.1,2022-02-19T18:14:44,closed,0.0,,none,,BR00007,EMP000031,560,Education loan,True,2022-02-19T18:14:44
LOAN000236,CUST000286,education,1458280.72,9.09,24,66681.41,2019-01-31T10:14:38,active,488524.04,2026-10-25T02:53:35.735000,none,,BR00004,EMP000056,553,Education loan,False,2019-01-31T10:14:38
LOAN000237,CUST000666,auto,1189862.42,10.06,24,54939.07,2025-02-21T07:59:53,active,530480.33,2026-10-21T13:34:04.735000,vehicle,Nikita Rege,BR00019,EMP000028,773,Auto loan,False,2025-02-21T07:59:53
LOAN000238,CUST000821,business,3840119.98,15.9,60,93180.34,2020-05-13T10:48:20,active,1286440.19,2026-10-04T00:37:41.735000,fd,,BR00019,EMP000079,635,Business loan,False,2020-05-13T10:48:20
LOAN000239,CUST000039,education,368197.64,7.87,120,4442.0,2018-05-05T05:16:54,closed,0.0,,none,,BR00013,EMP000017,597,Education loan,False,2018-05-05T05:16:54
LOAN000240,CUST000734,business,3035904.41,13.76,60,70263.01,2024-01-01T18:57:06,active,1867081.21,2026-11-22T22:42:11.735000,fd,Priya Gola,BR00011,EMP000002,748,Business loan,False,2024-01-01T18:57:06
LOAN000241,CUST000325,personal,304037.99,15.81,24,14859.06,2022-05-31T11:17:28,active,101852.73,2026-09-30T00:03:56.735000,none,Jalsa Madan,BR00006,EMP000076,748,Personal loan,False,2022-05-31T11:17:28
LOAN000242,CUST000081,personal,898680.91,14.46,60,21125.67,2020-09-22T18:57:59,active,301058.1,2026-11-20T21:58:23.735000,none,,BR00007,EMP000076,792,Personal loan,True,2020-09-22T18:57:59
LOAN000243,CUST000760,education,1780359.54,9.71,120,23242.61,2022-07-26T21:27:05,closed,0.0,,none,,BR00015,EMP000092,863,Education loan,False,2022-07-26T21:27:05
LOAN000244,CUST000100,gold,389584.68,8.09,12,33905.57,2023-03-16T17:33:51,active,130510.87,2026-10-01T22:33:16.735000,gold,,BR00011,EMP000028,806,Gold loan,False,2023-03-16T17:33:51
LOAN000245,CUST000907,auto,830748.74,10.12,48,21117.84,2024-12-13T10:57:45,active,576331.94,2026-09-28T02:04:03.735000,vehicle,,BR00011,EMP000052,728,Auto loan,False,2024-12-13T10:57:45
LOAN000246,CUST000613,auto,1870377.28,10.97,36,61207.18,2019-04-18T09:27:44,defaulted,1667815.58,2025-01-25T12:37:19,vehicle,,BR00020,EMP000019,816,Auto loan,False,2019-04-18T09:27:44
LOAN000247,CUST000480,personal,126448.43,17.6,12,11568.73,2022-06-03T14:21:19,closed,0.0,,none,,BR00017,EMP000066,753,Personal loan,True,2022-06-03T14:21:19
LOAN000248,CUST000657,personal,381014.15,10.69,12,33619.59,2022-12-17T09:35:44,active,127639.74,2026-11-08T20:59:02.735000,none,,BR00007,EMP000083,760,Personal loan,False,2022-12-17T09:35:44
LOAN000249,CUST000675,education,194492.26,8.27,120,2387.57,2018-03-20T16:41:17,active,77634.83,2026-10-22T04:23:25.735000,none,,BR00002,EMP000099,847,Education loan,False,2018-03-20T16:41:17
LOAN000250,CUST000206,auto,1824135.06,11.49,120,25636.07,2023-03-29T07:36:45,active,1377221.97,2026-09-28T00:54:15.735000,vehicle,Dalbir Memon,BR00017,EMP000022,678,Auto loan,False,2023-03-29T07:36:45
LOAN000251,CUST000835,home,4407748.85,9.04,120,55930.96,2025-02-27T03:45:21,active,3919223.35,2026-11-05T16:32:37.735000,property,,BR00003,EMP000087,623,Home loan,False,2025-02-27T03:45:21
LOAN000252,CUST000915,gold,168549.13,13.89,240,2082.49,2019-09-16T02:02:52,closed,0.0,,gold,Pushti Mangal,BR00008,EMP000092,736,Gold loan,True,2019-09-16T02:02:52
LOAN000253,CUST000428,auto,1044610.36,9.24,24,47837.87,2023-04-23T22:47:17,closed,0.0,,vehicle,,BR00017,EMP000028,793,Auto loan,False,2023-04-23T22:47:17
LOAN000254,CUST000668,auto,838781.92,8.28,24,38043.04,2022-09-20T23:30:12,closed,0.0,,vehicle,,BR00007,EMP000087,612,Auto loan,False,2022-09-20T23:30:12
LOAN000255,CUST000056,business,558344.42,10.48,84,9408.24,2022-09-25T23:53:09,closed,0.0,,fd,,BR00016,EMP000002,843,Business loan,False,2022-09-25T23:53:09
LOAN000256,CUST000857,gold,186886.69,10.07,84,3109.3,2022-08-02T17:59:29,active,109017.24,2026-10-25T18:40:10.735000,gold,,BR00018,EMP000068,696,Gold loan,False,2022-08-02T17:59:29
LOAN000257,CUST000261,business,9303526.17,11.52,240,99343.8,2024-05-05T23:48:47,closed,0.0,,fd,,BR00001,EMP000086,854,Business loan,False,2024-05-05T23:48:47
LOAN000258,CUST000776,personal,72548.27,16.3,240,1025.7,2024-12-19T12:34:17,closed,0.0,,none,,BR00015,EMP000090,734,Personal loan,False,2024-12-19T12:34:17
LOAN000259,CUST000958,auto,1145769.7,9.52,12,100475.75,2019-12-01T15:20:22,active,383832.85,2026-11-24T03:52:29.735000,vehicle,Faraj Apte,BR00018,EMP000019,666,Auto loan,True,2019-12-01T15:20:22
LOAN000260,CUST000220,business,6090002.84,15.44,240,82179.38,2022-10-09T20:04:23,active,5237402.44,2026-10-30T12:23:34.735000,fd,,BR00018,EMP000036,779,Business loan,False,2022-10-09T20:04:23
LOAN000261,CUST000452,home,8044237.67,7.12,60,159741.38,2025-05-30T11:02:37,active,6542646.64,2026-09-30T01:49:57.735000,property,,BR00012,EMP000056,680,Home loan,False,2025-05-30T11:02:37
LOAN000262,CUST000106,auto,1215702.24,8.71,48,30085.67,2022-06-07T19:53:41,active,407260.25,2026-10-27T04:18:19.735000,vehicle,,BR00009,EMP000063,896,Auto loan,False,2022-06-07T19:53:41
LOAN000263,CUST000038,home,2176179.1,7.54,240,17584.42,2018-07-18T03:11:12,active,1547807.38,2026-10-14T14:09:26.735000,property,,BR00018,EMP000057,567,Home loan,True,2018-07-18T03:11:12
LOAN000264,CUST000230,business,5247774.63,14.34,84,99331.64,2023-04-16T11:03:19,active,3454784.96,2026-10-18T10:02:49.735000,fd,,BR00013,EMP000029,884,Business loan,False,2023-04-16T11:03:19
LOAN000265,CUST000696,education,417216.95,9.74,36,13411.55,2022-07-30T01:06:39,closed,0.0,,none,Urmi Acharya,BR00006,EMP000032,836,Education loan,False,2022-07-30T01:06:39
LOAN000266,CUST000791,home,9212854.74,8.47,12,803415.21,2019-04-12T03:37:58,active,3086306.34,2026-09-28T10:11:41.735000,property,,BR00013,EMP000037,720,Home loan,False,2019-04-12T03:37:58
LOAN000267,CUST000037,education,1702717.68,10.5,120,22975.62,2022-10-19T15:54:38,defaulted,1494688.64,2021-03-25T10:12:39,none,,BR00009,EMP000080,700,Education loan,True,2022-10-19T15:54:38
LOAN000268,CUST000115,auto,1968712.5,10.8,180,22129.7,2019-03-19T18:58:42,defaulted,1039853.82,2021-04-13T03:02:11,vehicle,,BR00012,EMP000006,864,Auto loan,False,2019-03-19T18:58:42
LOAN000269,CUST000415,business,1198619.94,11.89,24,56361.65,2020-05-30T15:56:47,closed,0.0,,fd,,BR00018,EMP000092,620,Business loan,False,2020-05-30T15:56:47
LOAN000270,CUST000732,education,882392.7,10.13,240,8591.42,2018-03-13T22:16:58,defaulted,591563.02,2025-06-18T23:53:48,none,,BR00002,EMP000093,726,Education loan,False,2018-03-13T22:16:58
LOAN000271,CUST000077,personal,751343.39,15.57,84,14739.81,2024-10-27T19:39:27,closed,0.0,,none,Sarthak Raja,BR00006,EMP000078,696,Personal loan,False,2024-10-27T19:39:27
LOAN000272,CUST000846,business,6060274.09,10.82,240,61812.77,2020-09-10T01:09:23,active,4769940.73,2026-09-27T20:55:33.735000,fd,,BR00015,EMP000018,672,Business loan,False,2020-09-10T01:09:23
LOAN000273,CUST000676,personal,923466.71,15.03,120,14915.72,2022-08-30T23:07:58,closed,0.0,,none,Harsh Chaudhry,BR00017,EMP000088,798,Personal loan,False,2022-08-30T23:07:58
LOAN000274,CUST000108,personal,65589.25,12.78,60,1484.98,2021-09-01T16:56:57,active,21972.4,2026-10-05T23:03:08.735000,none,,BR00015,EMP000013,617,Personal loan,False,2021-09-01T16:56:57
LOAN000275,CUST000183,auto,1954985.82,8.12,84,30587.84,2020-08-06T01:42:38,closed,0.0,,vehicle,,BR00018,EMP000043,655,Auto loan,False,2020-08-06T01:42:38
LOAN000276,CUST000366,home,3287050.33,7.52,240,26520.47,2020-05-25T07:50:47,active,2548833.61,2026-10-08T16:10:22.735000,property,Vamakshi Kuruvilla,BR00015,EMP000010,887,Home loan,False,2020-05-25T07:50:47
LOAN000277,CUST000746,auto,790307.0,8.11,180,7602.86,2021-09-30T14:16:50,defaulted,349712.33,2021-08-01T19:58:32,vehicle,Avni Banik,BR00014,EMP000065,889,Auto loan,False,2021-09-30T14:16:50
LOAN000278,CUST000684,personal,965952.67,14.85,24,46767.0,2019-05-12T07:16:52,active,323594.14,2026-11-12T14:23:09.735000,none,,BR00020,EMP000092,625,Personal loan,False,2019-05-12T07:16:52
LOAN000279,CUST000204,personal,319533.23,15.63,60,7707.75,2018-04-08T13:26:51,defaulted,177845.32,2022-10-30T10:00:53,none,Wridesh Rai,BR00007,EMP000025,729,Personal loan,False,2018-04-08T13:26:51
LOAN000280,CUST000969,auto,1198691.93,9.5,36,38397.64,2018-10-05T07:18:31,closed,0.0,,vehicle,Nirja Baria,BR00002,EMP000060,707,Auto loan,False,2018-10-05T07:18:31
LOAN000281,CUST000504,personal,245121.17,10.54,12,21611.66,2022-05-19T12:15:24,active,82115.59,2026-10-01T20:56:10.735000,none,,BR00020,EMP000028,736,Personal loan,True,2022-05-19T12:15:24
LOAN000282,CUST000835,education,563400.05,8.47,84,8913.78,2019-10-06T21:43:03,closed,0.0,,none,,BR00014,EMP000073,798,Education loan,False,2019-10-06T21:43:03
LOAN000283,CUST000962,personal,551037.24,16.34,24,27070.1,2024-07-11T21:09:49,closed,0.0,,none,,BR00018,EMP000075,813,Personal loan,False,2024-07-11T21:09:49
LOAN000284,CUST000580,gold,163404.8,13.17,240,1934.23,2021-01-21T03:38:55,closed,0.0,,gold,,BR00002,EMP000071,797,Gold loan,False,2021-01-21T03:38:55
LOAN000285,CUST000763,education,1759836.93,10.14,36,56900.73,2019-01-03T15:02:54,active,589545.37,2026-11-23T21:41:03.735000,none,Edhitha Dada,BR00012,EMP000084,589,Education loan,False,2019-01-03T15:02:54
LOAN000286,CUST000754,education,1848083.99,10.6,240,18575.21,2025-05-31T06:50:36,closed,0.0,,none,,BR00012,EMP000013,860,Education loan,False,2025-05-31T06:50:36
LOAN000287,CUST000874,gold,95172.6,8.15,24,4310.91,2024-12-10T19:03:12,defaulted,48085.2,2026-03-29T13:13:53,gold,,BR00018,EMP000098,624,Gold loan,False,2024-12-10T19:03:12
LOAN000288,CUST000899,personal,468800.52,17.71,24,23338.81,2021-10-26T07:49:16,active,157048.17,2026-10-09T02:00:23.735000,none,,BR00001,EMP000078,880,Personal loan,False,2021-10-26T07:49:16
LOAN000289,CUST000226,auto,1481328.12,9.25,12,129716.13,2023-07-30T23:08:17,closed,0.0,,vehicle,,BR00015,EMP000006,881,Auto loan,False,2023-07-30T23:08:17
LOAN000290,CUST000033,business,3320321.29,12.11,36,110456.7,2018-03-22T04:31:40,active,1112307.63,2026-09-30T07:02:46.735000,fd,,BR00007,EMP000002,623,Business loan,True,2018-03-22T04:31:40
LOAN000291,CUST000579,home,6957859.41,8.47,84,110083.1,2025-01-26T03:12:50,active,5798216.18,2026-10-21T20:58:59.735000,property,,BR00019,EMP000053,813,Home loan,False,2025-01-26T03:12:50
LOAN000292,CUST000308,gold,267219.47,12.89,180,3361.66,2023-09-05T18:40:03,active,228769.56,2026-10-29T19:01:06.735000,gold,Ayush Bhalla,BR00002,EMP000051,566,Gold loan,False,2023-09-05T18:40:03
LOAN000293,CUST000468,education,1262876.07,8.49,120,15651.1,2018-09-14T17:57:55,closed,0.0,,none,Dominic Dhawan,BR00009,EMP000024,601,Education loan,False,2018-09-14T17:57:55
LOAN000294,CUST000163,gold,309615.96,9.05,48,7712.16,2024-06-01T10:16:01,active,183189.44,2026-10-20T14:28:20.735000,gold,,BR00003,EMP000069,617,Gold loan,False,2024-06-01T10:16:01
LOAN000295,CUST000058,home,9806994.55,8.6,84,155801.94,2023-03-30T21:39:13,active,6374546.46,2026-11-13T18:58:11.735000,property,,BR00001,EMP000047,624,Home loan,False,2023-03-30T21:39:13
LOAN000296,CUST000188,personal,352339.66,12.54,48,9372.15,2021-04-01T09:12:57,closed,0.0,,none,Ria Barad,BR00015,EMP000085,580,Personal loan,False,2021-04-01T09:12:57
LOAN000297,CUST000378,education,1892687.89,10.0,24,87337.94,2022-11-10T20:29:26,active,634050.44,2026-11-21T18:40:53.735000,none,,BR00018,EMP000037,666,Education loan,True,2022-11-10T20:29:26
LOAN000298,CUST000723,home,9505252.89,8.16,36,298562.17,2019-10-11T03:54:54,active,3184259.72,2026-10-07T07:29:44.735000,property,,BR00018,EMP000024,820,Home loan,False,2019-10-11T03:54:54
LOAN000299,CUST000675,auto,1122553.84,10.5,84,18927.01,2023-01-12T11:10:18,active,701596.15,2026-10-21T19:32:16.735000,vehicle,,BR00017,EMP000074,700,Auto loan,False,2023-01-12T11:10:18
LOAN000300,CUST000976,personal,699681.18,13.79,48,19046.2,2024-01-22T05:26:26,defaulted,610902.33,2023-01-04T20:12:47,none,,BR00012,EMP000063,588,Personal loan,False,2024-01-22T05:26:26
LOAN000301,CUST000639,education,630336.21,11.59,48,16472.56,2020-01-08T04:49:39,active,211162.63,2026-09-30T21:16:39.735000,none,Ikshita Reddy,BR00018,EMP000004,855,Education loan,False,2020-01-08T04:49:39
LOAN000302,CUST000527,education,234739.74,8.23,60,4785.56,2023-05-31T12:10:37,active,125194.53,2026-11-11T16:24:19.735000,none,Azad Dhar,BR00017,EMP000098,552,Education loan,False,2023-05-31T12:10:37
LOAN000303,CUST000153,auto,1208539.46,9.75,24,55628.62,2023-04-10T10:59:17,active,404860.72,2026-09-30T03:20:26.735000,vehicle,,BR00009,EMP000064,788,Auto loan,False,2023-04-10T10:59:17
LOAN000304,CUST000721,education,379881.9,8.26,12,33091.01,2024-10-31T11:59:39,closed,0.0,,none,,BR00003,EMP000008,694,Education loan,False,2024-10-31T11:59:39
LOAN000305,CUST000136,auto,470526.58,8.62,84,7479.91,2023-03-11T15:01:35,closed,0.0,,vehicle,,BR00013,EMP000022,659,Auto loan,True,2023-03-11T15:01:35
LOAN000306,CUST000506,home,5810066.03,8.16,84,91020.77,2020-08-15T13:08:11,active,2227191.98,2026-10-07T12:22:29.735000,property,Januja Ravel,BR00015,EMP000088,691,Home loan,False,2020-08-15T13:08:11
LOAN000307,CUST000254,personal,382412.14,16.55,24,18824.74,2022-08-18T22:13:11,active,128108.07,2026-11-04T18:00:13.735000,none,,BR00005,EMP000040,758,Personal loan,False,2022-08-18T22:13:11
LOAN000308,CUST000959,business,9707621.69,17.94,48,284857.11,2021-02-22T05:27:20,closed,0.0,,fd,,BR00012,EMP000025,616,Business loan,False,2021-02-22T05:27:20
LOAN000309,CUST000737,education,927869.84,10.97,60,20160.26,2020-07-28T23:12:06,active,310836.4,2026-10-15T02:07:44.735000,none,,BR00009,EMP000069,804,Education loan,False,2020-07-28T23:12:06
LOAN000310,CUST000395,personal,821524.94,17.12,48,23756.17,2020-03-12T12:05:09,defaulted,311028.68,2020-11-24T18:25:11,none,,BR00012,EMP000096,622,Personal loan,False,2020-03-12T12:05:09
LOAN000311,CUST000635,auto,586294.74,11.95,48,15425.0,2021-07-14T07:40:22,active,196408.74,2026-11-04T14:01:33.735000,vehicle,,BR00009,EMP000056,557,Auto loan,False,2021-07-14T07:40:22
LOAN000312,CUST000670,gold,219206.27,8.25,120,2688.62,2022-08-05T20:32:52,active,155271.11,2026-11-23T11:29:26.735000,gold,,BR00011,EMP000064,616,Gold loan,True,2022-08-05T20:32:52
LOAN000313,CUST000231,personal,382435.09,14.34,60,8966.15,2020-08-24T09:20:53,closed,0.0,,none,,BR00014,EMP000034,688,Personal loan,False,2020-08-24T09:20:53
LOAN000314,CUST000975,gold,334594.0,8.92,48,8313.68,2023-08-20T12:59:36,active,154052.65,2026-09-28T16:08:14.735000,gold,Chatura Misra,BR00011,EMP000059,566,Gold loan,False,2023-08-20T12:59:36
LOAN000315,CUST000459,auto,765235.63,11.54,60,16844.9,2023-05-02T04:53:25,closed,0.0,,vehicle,,BR00013,EMP000030,891,Auto loan,False,2023-05-02T04:53:25
LOAN000316,CUST000252,auto,481342.71,8.81,24,21948.08,2018-11-12T05:45:13,active,161249.81,2026-11-02T11:35:51.735000,vehicle,Yashasvi Pal,BR00019,EMP000002,817,Auto loan,False,2018-11-12T05:45:13
LOAN000317,CUST000567,gold,329639.11,10.59,24,15301.09,2023-05-27T05:52:41,defaulted,183805.72,2021-11-22T02:25:57,gold,,BR00001,EMP000034,674,Gold loan,False,2023-05-27T05:52:41
LOAN000318,CUST000007,education,1524653.18,11.47,240,16227.85,2019-09-22T04:25:21,closed,0.0,,none,,BR00012,EMP000023,635,Education loan,True,2019-09-22T04:25:21
LOAN000319,CUST000014,home,2681094.7,7.67,180,25113.79,2023-05-04T23:15:18,active,2253609.05,2026-09-27T21:50:15.735000,property,,BR00015,EMP000024,683,Home loan,False,2023-05-04T23:15:18
LOAN000320,CUST000707,home,2491280.28,8.55,120,30954.97,2021-09-01T23:26:05,closed,0.0,,property,Dakshesh Natt,BR00001,EMP000066,633,Home loan,False,2021-09-01T23:26:05
LOAN000321,CUST000725,auto,1621353.53,9.31,180,16745.18,2020-02-29T21:04:10,active,1123237.7,2026-11-01T21:29:26.735000,vehicle,,BR00008,EMP000003,637,Auto loan,False,2020-02-29T21:04:10
LOAN000322,CUST000444,business,5622988.86,11.22,48,145930.57,2024-01-03T08:48:46,closed,0.0,,fd,,BR00002,EMP000045,871,Business loan,False,2024-01-03T08:48:46
LOAN000323,CUST000861,auto,1862263.17,10.26,12,163947.8,2024-01-25T20:46:02,closed,0.0,,vehicle,,BR00012,EMP000053,655,Auto loan,False,2024-01-25T20:46:02
LOAN000324,CUST000211,education,961857.54,10.16,84,16047.6,2021-04-25T21:47:45,active,440851.37,2026-10-09T00:51:37.735000,none,,BR00003,EMP000092,813,Education loan,False,2021-04-25T21:47:45
LOAN000325,CUST000940,education,1178922.03,10.64,240,11881.2,2024-01-12T17:23:27,active,1068889.31,2026-11-12T09:00:05.735000,none,Ekapad Kanda,BR00020,EMP000039,628,Education loan,False,2024-01-12T17:23:27
LOAN000326,CUST000339,business,3781033.29,11.51,240,40348.12,2022-08-20T09:13:35,defaulted,1782725.29,2022-04-20T05:33:17,fd,,BR00007,EMP000058,843,Business loan,False,2022-08-20T09:13:35
LOAN000327,CUST000428,education,867515.67,7.88,24,39187.92,2021-11-03T00:26:00,active,290617.75,2026-11-10T20:46:47.735000,none,Lopa Nadkarni,BR00004,EMP000033,802,Education loan,False,2021-11-03T00:26:00
LOAN000328,CUST000275,gold,172375.35,13.61,84,3193.29,2022-12-30T19:48:53,active,107734.59,2026-10-17T17:08:04.735000,gold,Jagat Dora,BR00015,EMP000093,625,Gold loan,False,2022-12-30T19:48:53
LOAN000329,CUST000311,gold,254437.29,9.55,48,6398.34,2024-07-26T16:39:45,active,157963.15,2026-10-14T03:24:05.735000,gold,Irya Bera,BR00017,EMP000032,846,Gold loan,False,2024-07-26T16:39:45
LOAN000330,CUST000390,education,1262051.6,8.87,48,31328.36,2023-07-02T04:15:14,active,544259.75,2026-11-09T00:55:02.735000,none,,BR00014,EMP000044,733,Education loan,False,2023-07-02T04:15:14
LOAN000331,CUST000914,business,1541544.63,13.8,120,23749.99,2019-12-14T20:52:38,defaulted,522476.03,2024-05-06T05:34:03,fd,,BR00006,EMP000096,731,Business loan,False,2019-12-14T20:52:38
LOAN000332,CUST000271,personal,820391.94,16.83,120,14169.97,2021-04-23T15:52:38,active,504541.04,2026-10-12T16:41:23.735000,none,,BR00019,EMP000028,644,Personal loan,False,2021-04-23T15:52:38
LOAN000333,CUST000441,auto,1535881.86,9.18,24,70293.28,2023-09-25T08:53:24,active,514520.42,2026-10-15T20:20:31.735000,vehicle,,BR00006,EMP000074,711,Auto loan,False,2023-09-25T08:53:24
LOAN000334,CUST000439,business,9034064.93,10.16,240,88140.51,2025-02-05T20:50:39,active,8533427.17,2026-11-15T07:21:40.735000,fd,Kalpit Din,BR00015,EMP000047,746,Business loan,False,2025-02-05T20:50:39
LOAN000335,CUST000451,gold,47257.66,9.53,240,441.43,2023-02-28T07:38:57,active,41330.76,2026-11-03T13:18:16.735000,gold,,BR00002,EMP000089,578,Gold loan,False,2023-02-28T07:38:57
LOAN000336,CUST000901,business,9772005.85,10.87,36,319321.67,2020-02-21T03:48:38,active,3273621.96,2026-11-18T16:09:19.735000,fd,,BR00015,EMP000051,898,Business loan,False,2020-02-21T03:48:38
LOAN000337,CUST000038,home,6764058.33,8.51,48,166754.5,2018-05-17T10:33:38,closed,0.0,,property,,BR00016,EMP000061,773,Home loan,False,2018-05-17T10:33:38
LOAN000338,CUST000376,education,1670940.36,10.16,36,54042.15,2018-11-21T06:13:13,active,559765.02,2026-10-05T07:01:12.735000,none,,BR00017,EMP000012,764,Education loan,False,2018-11-21T06:13:13
LOAN000339,CUST000990,personal,941739.85,11.98,48,24790.38,2023-03-13T18:34:14,active,351190.49,2026-11-13T18:30:46.735000,none,,BR00003,EMP000056,783,Personal loan,False,2023-03-13T18:34:14
LOAN000340,CUST000002,auto,674967.98,10.18,12,59396.93,2019-05-14T00:19:58,closed,0.0,,vehicle,,BR00008,EMP000062,785,Auto loan,False,2019-05-14T00:19:58
LOAN000341,CUST000827,personal,986035.35,11.94,48,25937.05,2024-07-14T06:36:29,active,612163.61,2026-10-20T20:49:30.735000,none,,BR00009,EMP000004,841,Personal loan,False,2024-07-14T06:36:29
LOAN000342,CUST000508,business,6866928.39,17.97,12,629461.91,2023-02-26T23:41:21,active,2300421.01,2026-11-01T10:07:38.735000,fd,,BR00018,EMP000002,564,Business loan,False,2023-02-26T23:41:21
LOAN000343,CUST000445,education,1432309.55,10.45,24,66391.7,2023-04-25T04:12:12,closed,0.0,,none,,BR00009,EMP000012,835,Education loan,False,2023-04-25T04:12:12
LOAN000344,CUST000895,auto,985891.59,11.5,84,17141.17,2023-10-22T21:27:42,active,698339.88,2026-11-05T01:48:27.735000,vehicle,,BR00006,EMP000076,656,Auto loan,False,2023-10-22T21:27:42
LOAN000345,CUST000712,auto,872655.65,11.29,120,12164.53,2018-06-29T12:18:00,active,363606.52,2026-11-09T08:23:35.735000,vehicle,,BR00017,EMP000015,870,Auto loan,False,2018-06-29T12:18:00
LOAN000346,CUST000628,gold,451387.4,12.54,36,15109.21,2022-06-20T08:10:35,closed,0.0,,gold,,BR00019,EMP000078,709,Gold loan,True,2022-06-20T08:10:35
LOAN000347,CUST000500,home,7130308.46,8.26,84,112060.39,2018-10-20T06:42:32,active,2388653.33,2026-11-20T16:23:10.735000,property,,BR00008,EMP000050,612,Home loan,False,2018-10-20T06:42:32
LOAN000348,CUST000127,auto,447349.7,11.05,240,4632.72,2022-06-20T19:05:43,closed,0.0,,vehicle,,BR00010,EMP000085,867,Auto loan,False,2022-06-20T19:05:43
LOAN000349,CUST000774,education,1463932.47,9.69,240,13827.92,2020-01-11T15:51:29,defaulted,820670.25,2020-02-17T22:06:07,none,,BR00013,EMP000054,827,Education loan,False,2020-01-11T15:51:29
LOAN000350,CUST000094,education,1473317.31,9.65,36,47298.07,2020-12-14T16:17:03,active,493561.3,2026-11-18T22:01:47.735000,none,Krishna Subramanian,BR00019,EMP000025,561,Education loan,False,2020-12-14T16:17:03
LOAN000351,CUST000825,gold,376600.24,12.9,60,8549.55,2020-06-02T08:10:36,closed,0.0,,gold,,BR00007,EMP000033,592,Gold loan,False,2020-06-02T08:10:36
LOAN000352,CUST000506,gold,306324.9,11.34,180,3547.36,2018-12-21T17:32:55,active,194346.13,2026-10-01T17:38:59.735000,gold,,BR00007,EMP000089,871,Gold loan,False,2018-12-21T17:32:55
LOAN000353,CUST000458,gold,410302.99,12.49,36,13724.15,2023-11-10T08:13:13,active,137451.5,2026-10-02T19:45:27.735000,gold,,BR00020,EMP000087,891,Gold loan,False,2023-11-10T08:13:13
LOAN000354,CUST000998,gold,429929.51,8.14,60,8746.25,2019-08-31T15:26:50,active,144026.39,2026-10-31T10:21:48.735000,gold,,BR00007,EMP000025,825,Gold loan,False,2019-08-31T15:26:50
LOAN000355,CUST000996,personal,854506.54,11.61,120,12067.81,2020-04-04T23:20:44,closed,0.0,,none,,BR00019,EMP000014,678,Personal loan,False,2020-04-04T23:20:44
LOAN000356,CUST000952,personal,544811.67,17.11,60,13572.22,2020-06-21T07:07:21,active,182511.91,2026-10-18T01:30:18.735000,none,Utkarsh Doshi,BR00013,EMP000093,825,Personal loan,False,2020-06-21T07:07:21
LOAN000357,CUST000837,business,5743564.58,12.24,24,271013.71,2024-02-23T01:45:36,defaulted,4748438.96,2025-07-31T20:38:10,fd,Darsh Mukherjee,BR00018,EMP000035,746,Business loan,True,2024-02-23T01:45:36
LOAN000358,CUST000548,personal,814189.67,15.93,36,28596.36,2024-04-20T06:05:15,active,355077.16,2026-11-02T06:26:11.735000,none,Lekha Dani,BR00006,EMP000043,680,Personal loan,True,2024-04-20T06:05:15
LOAN000359,CUST000925,gold,31386.39,8.24,84,492.96,2019-01-05T00:40:48,defaulted,11660.28,2020-04-20T16:10:35,gold,Nandini Kibe,BR00016,EMP000058,675,Gold loan,False,2019-01-05T00:40:48
LOAN000360,CUST000896,gold,240623.92,9.11,36,7664.1,2018-07-09T21:22:51,closed,0.0,,gold,,BR00018,EMP000026,737,Gold loan,False,2018-07-09T21:22:51
LOAN000361,CUST000572,home,5321901.13,7.23,48,128008.21,2024-09-09T13:26:40,active,3459235.73,2026-10-05T02:13:28.735000,property,,BR00018,EMP000025,848,Home loan,True,2024-09-09T13:26:40
LOAN000362,CUST000614,business,888384.23,16.29,36,31360.3,2021-08-19T07:41:23,defaulted,520675.24,2021-05-19T07:59:12,fd,Ekbal Pau,BR00018,EMP000016,784,Business loan,False,2021-08-19T07:41:23
LOAN000363,CUST000761,education,1725442.54,8.58,36,54531.96,2025-01-12T09:03:10,active,1054437.11,2026-10-14T09:53:48.735000,none,,BR00017,EMP000001,754,Education loan,False,2025-01-12T09:03:10
LOAN000364,CUST000354,gold,199254.03,11.6,60,4392.13,2020-07-09T03:41:04,active,66750.1,2026-10-19T08:23:45.735000,gold,,BR00017,EMP000017,827,Gold loan,False,2020-07-09T03:41:04
LOAN000365,CUST000360,personal,51812.44,17.2,36,1852.42,2025-03-15T07:37:42,active,33678.09,2026-10-02T14:12:54.735000,none,,BR00003,EMP000027,786,Personal loan,False,2025-03-15T07:37:42
LOAN000366,CUST000010,business,4651116.53,15.46,48,130531.17,2025-02-01T11:58:39,closed,0.0,,fd,,BR00007,EMP000006,619,Business loan,False,2025-02-01T11:58:39
LOAN000367,CUST000877,education,872918.98,11.31,84,15089.16,2022-06-11T10:41:38,closed,0.0,,none,,BR00005,EMP000018,823,Education loan,True,2022-06-11T10:41:38
LOAN000368,CUST000008,auto,1188479.1,9.87,180,12677.1,2021-05-19T14:10:02,active,888057.99,2026-09-30T12:56:25.735000,vehicle,Vaishnavi Chaudhuri,BR00012,EMP000012,635,Auto loan,True,2021-05-19T14:10:02
LOAN000369,CUST000713,home,6333834.58,7.46,36,196905.3,2024-12-14T09:52:56,active,3747518.79,2026-11-11T21:52:16.735000,property,,BR00011,EMP000006,681,Home loan,False,2024-12-14T09:52:56
LOAN000370,CUST000475,auto,1497468.45,10.56,84,25295.18,2019-05-28T18:18:10,active,501651.93,2026-11-08T03:47:15.735000,vehicle,,BR00001,EMP000089,722,Auto loan,False,2019-05-28T18:18:10
LOAN000371,CUST000659,auto,599024.51,8.7,36,18965.29,2024-11-28T18:56:19,closed,0.0,,vehicle,,BR00013,EMP000043,637,Auto loan,False,2024-11-28T18:56:19
LOAN000372,CUST000573,education,1407562.57,8.4,240,12126.21,2020-02-12T17:50:15,active,1079131.3,2026-10-06T02:03:13.735000,none,Ekavir Sagar,BR00003,EMP000019,615,Education loan,False,2020-02-12T17:50:15
LOAN000373,CUST000384,auto,514580.3,8.09,180,4944.37,2018-01-18T18:21:38,active,304460.01,2026-10-27T02:14:18.735000,vehicle,Omisha Tata,BR00004,EMP000003,873,Auto loan,False,2018-01-18T18:21:38
LOAN000374,CUST000348,education,1985770.67,9.05,84,31999.63,2019-06-16T06:30:36,active,665233.17,2026-11-08T05:37:48.735000,none,,BR00001,EMP000003,822,Education loan,False,2019-06-16T06:30:36
LOAN000375,CUST000181,education,1118664.84,11.72,60,24726.09,2024-09-14T14:37:09,closed,0.0,,none,,BR00020,EMP000055,768,Education loan,True,2024-09-14T14:37:09
LOAN000376,CUST000001,gold,314390.32,13.09,180,3996.44,2023-04-07T17:43:03,closed,0.0,,gold,,BR00002,EMP000046,710,Gold loan,False,2023-04-07T17:43:03
LOAN000377,CUST000454,personal,456287.18,11.18,120,6331.94,2023-11-30T19:43:46,active,365790.22,2026-10-21T04:29:30.735000,none,Farhan Madan,BR00014,EMP000021,699,Personal loan,False,2023-11-30T19:43:46
LOAN000378,CUST000236,business,5544474.73,10.53,180,61391.72,2021-08-25T20:11:37,closed,0.0,,fd,,BR00006,EMP000072,658,Business loan,False,2021-08-25T20:11:37
LOAN000379,CUST000131,gold,242996.44,13.22,24,11577.62,2018-04-18T02:09:42,defaulted,195445.56,2023-11-16T23:22:17,gold,,BR00018,EMP000098,787,Gold loan,False,2018-04-18T02:09:42
LOAN000380,CUST000421,gold,153929.52,11.41,120,2156.26,2024-05-05T10:27:33,active,127889.78,2026-10-09T08:14:27.735000,gold,Lekha Shukla,BR00014,EMP000013,674,Gold loan,False,2024-05-05T10:27:33
LOAN000381,CUST000568,home,4651024.77,9.39,12,407580.63,2021-10-05T14:02:46,defaulted,2017250.35,2020-11-02T03:20:31,property,,BR00005,EMP000034,733,Home loan,False,2021-10-05T14:02:46
LOAN000382,CUST000637,gold,436608.27,10.1,36,14108.63,2025-02-27T08:36:46,active,275305.77,2026-09-27T17:34:03.735000,gold,,BR00010,EMP000036,815,Gold loan,False,2025-02-27T08:36:46
LOAN000383,CUST000102,gold,181291.7,9.98,240,1747.1,2018-12-06T12:54:24,active,131058.79,2026-10-29T01:29:44.735000,gold,Siya Narang,BR00003,EMP000072,849,Gold loan,False,2018-12-06T12:54:24
LOAN000384,CUST000488,gold,283537.23,8.9,60,5872.02,2018-08-10T06:34:27,active,94984.97,2026-11-11T22:22:26.735000,gold,,BR00009,EMP000070,599,Gold loan,False,2018-08-10T06:34:27
LOAN000385,CUST000999,gold,87837.43,10.31,24,4065.83,2019-07-12T05:18:49,active,29425.54,2026-10-15T17:35:47.735000,gold,,BR00012,EMP000025,677,Gold loan,False,2019-07-12T05:18:49
LOAN000386,CUST000153,business,3522111.86,12.71,36,118182.49,2019-11-11T06:08:50,closed,0.0,,fd,,BR00019,EMP000053,717,Business loan,False,2019-11-11T06:08:50
LOAN000387,CUST000550,gold,381897.59,8.66,84,6078.69,2018-01-01T17:31:32,active,127935.69,2026-11-04T12:13:16.735000,gold,,BR00011,EMP000092,842,Gold loan,False,2018-01-01T17:31:32
LOAN000388,CUST000681,home,6922230.87,7.86,12,601706.0,2021-06-29T00:16:25,active,2318947.34,2026-10-24T18:03:28.735000,property,,BR00019,EMP000089,794,Home loan,False,2021-06-29T00:16:25
LOAN000389,CUST000172,personal,938824.4,10.94,240,9652.13,2020-10-20T14:48:44,closed,0.0,,none,Om Ravi,BR00008,EMP000049,823,Personal loan,False,2020-10-20T14:48:44
LOAN000390,CUST000048,home,8000677.5,7.48,240,64355.11,2022-07-09T11:42:44,defaulted,4432301.83,2023-03-08T20:36:30,property,,BR00015,EMP000022,585,Home loan,False,2022-07-09T11:42:44
LOAN000391,CUST000141,gold,311439.93,12.89,120,4629.95,2024-02-09T13:38:46,active,255121.21,2026-10-18T23:17:17.735000,gold,Ishita Verma,BR00016,EMP000053,741,Gold loan,False,2024-02-09T13:38:46
LOAN000392,CUST000345,personal,596113.9,17.73,180,9484.37,2023-06-13T18:14:07,active,503385.07,2026-11-01T05:57:42.735000,none,,BR00007,EMP000047,897,Personal loan,False,2023-06-13T18:14:07
LOAN000393,CUST000574,home,3152855.12,7.36,84,48141.8,2023-06-21T21:16:50,defaulted,1314665.33,2021-02-22T11:52:57,property,Hritik Purohit,BR00009,EMP000008,879,Home loan,False,2023-06-21T21:16:50
LOAN000394,CUST000357,business,3714317.85,14.4,84,70429.68,2019-08-26T16:09:47,active,1244296.48,2026-10-30T08:56:54.735000,fd,,BR00004,EMP000061,846,Business loan,False,2019-08-26T16:09:47
LOAN000395,CUST000751,home,8603048.1,8.24,12,749320.64,2020-01-22T21:30:33,active,2882021.11,2026-10-11T06:43:13.735000,property,,BR00011,EMP000045,672,Home loan,True,2020-01-22T21:30:33
LOAN000396,CUST000288,auto,515279.13,9.59,240,4833.4,2024-11-26T10:55:52,active,482215.39,2026-10-07T18:23:11.735000,vehicle,,BR00010,EMP000040,678,Auto loan,False,2024-11-26T10:55:52
LOAN000397,CUST000313,gold,480016.07,13.44,36,16275.56,2023-08-09T04:20:18,active,160805.38,2026-11-24T10:44:04.735000,gold,William Mody,BR00006,EMP000079,623,Gold loan,False,2023-08-09T04:20:18
LOAN000398,CUST000547,personal,886511.11,14.78,180,12274.19,2021-01-17T22:51:19,closed,0.0,,none,,BR00012,EMP000049,566,Personal loan,False,2021-01-17T22:51:19
LOAN000399,CUST000554,auto,412491.43,10.92,120,5663.41,2018-09-24T07:35:35,closed,0.0,,vehicle,,BR00017,EMP000070,841,Auto loan,True,2018-09-24T07:35:35
LOAN000400,CUST000682,education,1992247.64,7.98,84,31031.75,2021-02-04T08:23:38,active,863307.31,2026-10-01T04:31:57.735000,none,Ekapad Tank,BR00014,EMP000007,654,Education loan,False,2021-02-04T08:23:38
LOAN000401,CUST000274,personal,456370.95,12.62,120,6712.2,2018-06-13T05:22:39,active,190154.56,2026-10-25T10:57:48.735000,none,,BR00019,EMP000083,591,Personal loan,False,2018-06-13T05:22:39
LOAN000402,CUST000765,auto,968076.19,9.57,240,9068.04,2022-06-06T11:52:51,active,821251.3,2026-10-07T07:22:37.735000,vehicle,,BR00004,EMP000090,810,Auto loan,False,2022-06-06T11:52:51
LOAN000403,CUST000028,gold,496207.63,10.13,36,16041.53,2023-10-03T03:47:43,active,166229.56,2026-11-07T11:04:25.735000,gold,,BR00014,EMP000051,777,Gold loan,False,2023-10-03T03:47:43
LOAN000404,CUST000637,gold,431981.19,11.37,60,9472.22,2018-05-14T21:31:36,closed,0.0,,gold,,BR00003,EMP000073,707,Gold loan,True,2018-05-14T21:31:36
LOAN000405,CUST000885,auto,739561.59,11.69,24,34706.76,2023-10-17T07:37:32,active,247753.13,2026-11-03T08:26:38.735000,vehicle,,BR00018,EMP000048,802,Auto loan,True,2023-10-17T07:37:32
LOAN000406,CUST000233,education,641085.49,9.72,12,56278.15,2019-11-29T07:11:32,closed,0.0,,none,,BR00004,EMP000032,893,Education loan,False,2019-11-29T07:11:32
LOAN000407,CUST000124,home,7288000.45,9.16,12,637887.27,2022-12-14T14:21:30,active,2441480.15,2026-10-12T18:17:56.735000,property,,BR00017,EMP000038,841,Home loan,False,2022-12-14T14:21:30
LOAN000408,CUST000068,auto,738973.37,11.33,24,34555.28,2022-02-07T01:44:09,defaulted,330421.66,2025-04-29T06:29:26,vehicle,,BR00009,EMP000056,781,Auto loan,False,2022-02-07T01:44:09
LOAN000409,CUST000179,auto,657108.01,8.3,84,10340.32,2022-08-12T09:07:44,active,383313.01,2026-10-07T21:06:11.735000,vehicle,,BR00003,EMP000003,828,Auto loan,False,2022-08-12T09:07:44
LOAN000410,CUST000953,business,843279.65,17.25,180,13127.82,2023-10-31T06:11:39,defaulted,664001.68,2022-11-16T01:25:16,fd,,BR00017,EMP000001,803,Business loan,False,2023-10-31T06:11:39
LOAN000411,CUST000984,home,1256597.53,7.78,12,109181.66,2023-05-16T05:47:16,active,420960.17,2026-10-08T00:16:12.735000,property,,BR00004,EMP000088,566,Home loan,False,2023-05-16T05:47:16
LOAN000412,CUST000486,business,956642.9,15.42,12,86534.68,2023-07-07T11:51:40,active,320475.37,2026-09-30T08:56:58.735000,fd,,BR00019,EMP000020,641,Business loan,True,2023-07-07T11:51:40
LOAN000413,CUST000425,education,878092.83,7.98,180,8381.38,2023-11-09T07:20:48,active,758574.64,2026-10-28T03:38:02.735000,none,,BR00009,EMP000029,600,Education loan,False,2023-11-09T07:20:48
LOAN000414,CUST000254,education,1739804.75,11.01,240,17969.9,2023-11-01T13:57:12,active,1562199.68,2026-10-16T17:37:22.735000,none,,BR00020,EMP000054,733,Education loan,False,2023-11-01T13:57:12
LOAN000415,CUST000444,gold,234996.64,11.38,240,2486.67,2018-07-14T15:17:49,active,167141.36,2026-10-20T10:20:08.735000,gold,Girik Hayer,BR00015,EMP000068,559,Gold loan,False,2018-07-14T15:17:49
LOAN000416,CUST000911,education,339280.64,9.19,24,15529.54,2024-08-26T19:44:20,closed,0.0,,none,,BR00017,EMP000089,895,Education loan,True,2024-08-26T19:44:20
LOAN000417,CUST000780,auto,204497.0,9.03,60,4248.0,2018-09-06T11:56:31,closed,0.0,,vehicle,Oeshi Shetty,BR00016,EMP000033,640,Auto loan,True,2018-09-06T11:56:31
LOAN000418,CUST000655,home,4680801.56,9.07,12,409494.97,2021-07-25T05:23:31,active,1568068.52,2026-10-10T17:13:41.735000,property,Zayan Parikh,BR00017,EMP000054,664,Home loan,False,2021-07-25T05:23:31
LOAN000419,CUST000007,business,2993926.9,16.58,24,147423.03,2023-04-09T10:12:32,active,1002965.51,2026-10-14T07:41:03.735000,fd,,BR00006,EMP000062,870,Business loan,False,2023-04-09T10:12:32
LOAN000420,CUST000604,business,5411867.68,11.13,60,118018.28,2018-10-09T16:24:49,closed,0.0,,fd,,BR00014,EMP000049,758,Business loan,False,2018-10-09T16:24:49
LOAN000421,CUST000552,gold,87987.07,9.24,120,1126.04,2020-02-18T05:49:35,closed,0.0,,gold,,BR00016,EMP000053,679,Gold loan,False,2020-02-18T05:49:35
LOAN000422,CUST000518,education,500787.2,7.76,12,43507.14,2021-05-24T08:13:46,active,167763.71,2026-10-28T09:56:41.735000,none,,BR00003,EMP000059,553,Education loan,False,2021-05-24T08:13:46
LOAN000423,CUST000583,home,2205349.42,9.29,36,70427.56,2025-04-20T05:12:30,active,1476358.92,2026-11-14T12:29:46.735000,property,,BR00004,EMP000069,661,Home loan,False,2025-04-20T05:12:30
LOAN000424,CUST000572,gold,397619.18,13.1,60,9067.43,2019-07-30T02:20:43,closed,0.0,,gold,,BR00011,EMP000032,796,Gold loan,False,2019-07-30T02:20:43
LOAN000425,CUST000318,education,791818.56,10.84,180,8920.39,2019-05-02T06:02:09,closed,0.0,,none,Teerth Sathe,BR00008,EMP000040,846,Education loan,False,2019-05-02T06:02:09
LOAN000426,CUST000047,business,6392881.92,15.45,36,223022.72,2024-01-17T03:47:37,active,2415088.73,2026-10-17T10:30:39.735000,fd,Om Ravi,BR00014,EMP000059,721,Business loan,False,2024-01-17T03:47:37
LOAN000427,CUST000819,home,2790724.16,8.7,240,24572.97,2021-03-13T16:12:14,active,2245370.15,2026-10-08T00:40:14.735000,property,,BR00005,EMP000045,576,Home loan,False,2021-03-13T16:12:14
LOAN000428,CUST000241,auto,760621.73,9.48,240,7080.06,2024-10-28T22:21:32,closed,0.0,,vehicle,,BR00019,EMP000038,834,Auto loan,False,2024-10-28T22:21:32
LOAN000429,CUST000814,personal,320625.88,10.98,180,3640.2,2021-04-01T07:57:41,active,238331.9,2026-10-09T03:41:46.735000,none,,BR00018,EMP000051,555,Personal loan,True,2021-04-01T07:57:41
LOAN000430,CUST000669,gold,25706.13,8.62,12,2243.51,2023-01-28T03:17:11,closed,0.0,,gold,Jai Das,BR00017,EMP000057,796,Gold loan,True,2023-01-28T03:17:11
LOAN000431,CUST000624,gold,318299.82,10.54,84,5373.39,2018-08-04T10:16:57,active,106630.44,2026-10-16T07:18:41.735000,gold,,BR00001,EMP000096,626,Gold loan,False,2018-08-04T10:16:57
LOAN000432,CUST000164,personal,914246.92,10.65,60,19718.74,2022-10-30T00:47:29,closed,0.0,,none,,BR00019,EMP000099,592,Personal loan,False,2022-10-30T00:47:29
LOAN000433,CUST000931,business,6858776.12,17.86,36,247479.76,2020-11-06T18:24:39,closed,0.0,,fd,,BR00018,EMP000010,886,Business loan,False,2020-11-06T18:24:39
LOAN000434,CUST000187,gold,238567.09,9.41,48,5983.31,2024-01-19T19:41:52,active,127235.78,2026-11-03T03:55:47.735000,gold,,BR00001,EMP000086,893,Gold loan,False,2024-01-19T19:41:52
LOAN000435,CUST000519,auto,347434.73,8.75,180,3472.43,2018-08-04T03:56:44,defaulted,160401.91,2024-03-12T09:17:00,vehicle,,BR00013,EMP000086,827,Auto loan,False,2018-08-04T03:56:44
LOAN000436,CUST000054,personal,240537.75,14.32,60,5636.88,2019-08-28T21:15:23,active,80580.15,2026-11-13T23:52:50.735000,none,,BR00014,EMP000097,680,Personal loan,False,2019-08-28T21:15:23
LOAN000437,CUST000681,auto,863183.22,11.33,36,28394.6,2018-12-21T01:50:42,active,289166.38,2026-09-28T12:08:36.735000,vehicle,Madhavi Hayer,BR00009,EMP000031,580,Auto loan,False,2018-12-21T01:50:42
LOAN000438,CUST000679,education,1247238.91,10.89,12,110169.06,2020-11-04T07:33:55,active,417825.03,2026-11-09T04:37:25.735000,none,,BR00006,EMP000051,823,Education loan,False,2020-11-04T07:33:55
LOAN000439,CUST000554,personal,196305.03,15.2,84,3810.11,2021-01-24T11:34:46,active,83429.64,2026-10-11T19:35:57.735000,none,,BR00005,EMP000087,639,Personal loan,False,2021-01-24T11:34:46
LOAN000440,CUST000797,education,1054215.84,9.03,120,13371.48,2019-07-01T05:39:51,active,513051.71,2026-11-03T21:28:43.735000,none,,BR00020,EMP000020,709,Education loan,False,2019-07-01T05:39:51
LOAN000441,CUST000055,personal,403460.45,16.79,24,19907.31,2019-11-07T13:51:50,closed,0.0,,none,,BR00018,EMP000047,829,Personal loan,False,2019-11-07T13:51:50
LOAN000442,CUST000557,personal,352574.85,13.0,12,31491.03,2020-11-28T13:56:00,closed,0.0,,none,Ekapad Sunder,BR00012,EMP000075,677,Personal loan,False,2020-11-28T13:56:00
LOAN000443,CUST000376,gold,85014.18,10.51,120,1147.61,2019-08-06T03:54:29,closed,0.0,,gold,,BR00002,EMP000042,719,Gold loan,False,2019-08-06T03:54:29
LOAN000444,CUST000768,business,9031361.32,13.76,24,432598.43,2024-03-02T22:39:52,active,3025506.04,2026-10-02T12:32:44.735000,fd,,BR00012,EMP000089,626,Business loan,False,2024-03-02T22:39:52
LOAN000445,CUST000841,auto,985515.02,9.23,180,10131.04,2018-02-22T20:43:49,active,586928.95,2026-11-14T22:50:10.735000,vehicle,,BR00004,EMP000086,648,Auto loan,False,2018-02-22T20:43:49
LOAN000446,CUST000568,education,1977183.12,8.07,48,48333.81,2024-08-16T08:36:24,defaulted,1243647.56,2022-01-04T13:11:09,none,,BR00020,EMP000065,752,Education loan,False,2024-08-16T08:36:24
LOAN000447,CUST000321,education,471915.03,8.81,60,9752.72,2024-01-31T00:38:48,active,295733.42,2026-11-18T20:31:00.735000,none,,BR00004,EMP000015,757,Education loan,False,2024-01-31T00:38:48
LOAN000448,CUST000457,business,1404728.68,10.33,36,45544.59,2024-04-10T02:19:45,closed,0.0,,fd,,BR00005,EMP000098,581,Business loan,True,2024-04-10T02:19:45
LOAN000449,CUST000840,personal,972088.31,15.38,12,87913.45,2020-02-15T07:01:09,active,325649.58,2026-11-09T12:09:22.735000,none,,BR00004,EMP000095,635,Personal loan,False,2020-02-15T07:01:09
LOAN000450,CUST000050,home,9671363.0,7.64,84,149011.17,2020-03-05T13:12:50,defaulted,6179141.13,2025-11-12T12:32:51,property,Tejas Zachariah,BR00018,EMP000050,647,Home loan,False,2020-03-05T13:12:50
LOAN000451,CUST000351,home,8929348.45,9.32,48,223566.48,2025-04-05T05:08:51,closed,0.0,,property,,BR00002,EMP000091,856,Home loan,False,2025-04-05T05:08:51
LOAN000452,CUST000927,gold,152048.84,9.24,120,1945.9,2019-04-07T20:16:48,closed,0.0,,gold,,BR00011,EMP000008,735,Gold loan,False,2019-04-07T20:16:48
LOAN000453,CUST000311,gold,480243.0,12.52,240,5463.01,2022-09-21T14:08:04,defaulted,260590.86,2023-02-17T19:53:58,gold,,BR00009,EMP000009,681,Gold loan,True,2022-09-21T14:08:04
LOAN000454,CUST000550,business,7825493.46,11.21,60,170965.89,2019-02-12T03:47:20,closed,0.0,,fd,,BR00005,EMP000031,647,Business loan,False,2019-02-12T03:47:20
LOAN000455,CUST000146,home,8234144.44,7.47,180,76191.23,2021-04-08T16:34:53,active,6120714.03,2026-10-31T06:24:14.735000,property,,BR00010,EMP000068,713,Home loan,False,2021-04-08T16:34:53
LOAN000456,CUST000221,education,1661533.23,11.6,180,19515.62,2022-06-28T11:20:15,closed,0.0,,none,,BR00015,EMP000016,876,Education loan,False,2022-06-28T11:20:15
LOAN000457,CUST000078,gold,385732.62,10.44,36,12526.34,2018-10-19T21:10:41,closed,0.0,,gold,,BR00002,EMP000053,751,Gold loan,False,2018-10-19T21:10:41
LOAN000458,CUST000766,business,9310624.19,10.99,24,433904.84,2023-08-13T01:09:52,active,3119059.1,2026-10-16T04:11:53.735000,fd,,BR00001,EMP000037,605,Business loan,False,2023-08-13T01:09:52
LOAN000459,CUST000881,education,189322.44,7.58,24,8526.32,2022-10-04T23:59:11,closed,0.0,,none,Anusha Badami,BR00005,EMP000002,776,Education loan,False,2022-10-04T23:59:11
LOAN000460,CUST000161,education,1711083.69,7.88,24,77294.07,2022-09-25T15:10:35,closed,0.0,,none,,BR00002,EMP000073,653,Education loan,False,2022-09-25T15:10:35
LOAN000461,CUST000548,personal,825848.51,14.1,36,28265.67,2020-04-06T21:36:31,active,276659.25,2026-11-17T16:53:14.735000,none,Kashish Thaman,BR00002,EMP000100,791,Personal loan,False,2020-04-06T21:36:31
LOAN000462,CUST000065,personal,774861.51,11.31,12,68595.64,2023-04-18T16:40:32,active,259578.61,2026-11-04T17:43:07.735000,none,,BR00012,EMP000042,896,Personal loan,False,2023-04-18T16:40:32
LOAN000463,CUST000763,gold,96762.91,13.31,48,2610.82,2024-06-23T17:24:51,active,58662.51,2026-11-08T17:55:16.735000,gold,Nihal Rege,BR00008,EMP000068,788,Gold loan,False,2024-06-23T17:24:51
LOAN000464,CUST000558,gold,67590.8,13.96,24,3243.95,2018-10-18T05:54:44,active,22642.92,2026-10-29T04:54:08.735000,gold,,BR00015,EMP000035,837,Gold loan,False,2018-10-18T05:54:44
LOAN000465,CUST000619,home,3029255.41,7.07,24,135723.73,2023-12-24T04:25:48,closed,0.0,,property,Ayush Varty,BR00013,EMP000008,887,Home loan,False,2023-12-24T04:25:48
LOAN000466,CUST000944,auto,475741.4,11.22,84,8200.99,2018-08-05T21:41:45,closed,0.0,,vehicle,,BR00018,EMP000048,659,Auto loan,False,2018-08-05T21:41:45
LOAN000467,CUST000273,personal,504150.23,15.48,36,17595.27,2024-01-08T14:42:09,active,180653.83,2026-10-02T07:05:10.735000,none,Nitesh Shan,BR00016,EMP000020,735,Personal loan,False,2024-01-08T14:42:09
LOAN000468,CUST000245,home,8209034.68,8.34,240,70410.8,2020-12-21T09:53:22,defaulted,5585594.68,2023-08-05T05:04:53,property,,BR00017,EMP000011,765,Home loan,True,2020-12-21T09:53:22
LOAN000469,CUST000205,business,9147362.4,10.34,84,153468.85,2018-12-04T17:29:22,defaulted,7873986.63,2021-10-21T00:25:24,fd,Joshua Comar,BR00018,EMP000066,827,Business loan,False,2018-12-04T17:29:22
LOAN000470,CUST000727,home,7040564.58,7.84,12,611926.93,2022-07-26T12:08:40,closed,0.0,,property,Tamanna Khanna,BR00009,EMP000044,678,Home loan,True,2022-07-26T12:08:40
LOAN000471,CUST000879,personal,60333.02,14.05,84,1132.31,2018-02-14T14:42:17,closed,0.0,,none,,BR00004,EMP000045,876,Personal loan,False,2018-02-14T14:42:17
LOAN000472,CUST000892,education,1129725.17,11.45,240,12008.83,2022-11-13T07:11:58,active,974858.68,2026-10-08T15:55:12.735000,none,,BR00003,EMP000038,791,Education loan,False,2022-11-13T07:11:58
LOAN000473,CUST000942,auto,1182934.17,9.99,180,12704.64,2025-01-13T08:07:13,closed,0.0,,vehicle,,BR00018,EMP000075,879,Auto loan,False,2025-01-13T08:07:13
LOAN000474,CUST000910,auto,269270.41,8.02,48,6576.21,2018-05-25T01:50:56,active,90205.59,2026-10-16T14:02:46.735000,vehicle,Shravya Misra,BR00004,EMP000071,824,Auto loan,False,2018-05-25T01:50:56
LOAN000475,CUST000479,business,2564981.15,15.2,12,231753.01,2021-09-11T23:57:55,active,859268.69,2026-10-07T17:38:18.735000,fd,,BR00012,EMP000015,716,Business loan,False,2021-09-11T23:57:55
LOAN000476,CUST000906,auto,893967.38,8.71,48,22123.52,2018-12-23T14:53:09,closed,0.0,,vehicle,,BR00016,EMP000009,841,Auto loan,False,2018-12-23T14:53:09
LOAN000477,CUST000371,business,7908786.95,11.77,12,701835.47,2021-06-01T05:04:38,active,2649443.63,2026-10-21T03:29:17.735000,fd,,BR00005,EMP000019,798,Business loan,False,2021-06-01T05:04:38
LOAN000478,CUST000348,auto,984279.03,9.75,60,20792.15,2021-06-22T07:37:24,closed,0.0,,vehicle,,BR00004,EMP000010,570,Auto loan,False,2021-06-22T07:37:24
LOAN000479,CUST000452,personal,236027.36,17.43,12,21575.01,2023-05-02T01:03:27,active,79069.17,2026-10-15T04:28:22.735000,none,,BR00012,EMP000050,853,Personal loan,False,2023-05-02T01:03:27
LOAN000480,CUST000908,home,6680133.74,7.6,24,300907.14,2018-10-02T23:13:02,active,2237844.8,2026-10-17T11:13:25.735000,property,,BR00017,EMP000065,879,Home loan,False,2018-10-02T23:13:02
LOAN000481,CUST000132,business,9617634.27,13.25,24,458370.04,2020-09-14T15:43:16,active,3221907.48,2026-10-16T11:06:33.735000,fd,Chaaya More,BR00020,EMP000086,841,Business loan,False,2020-09-14T15:43:16
LOAN000482,CUST000244,gold,462227.72,8.28,24,20964.39,2022-08-16T07:01:30,active,154846.29,2026-11-11T12:14:15.735000,gold,,BR00005,EMP000022,616,Gold loan,False,2022-08-16T07:01:30
LOAN000483,CUST000202,gold,209019.46,11.07,180,2384.9,2019-09-11T12:13:28,active,139926.92,2026-11-17T09:16:01.735000,gold,,BR00004,EMP000024,553,Gold loan,False,2019-09-11T12:13:28
LOAN000484,CUST000819,education,1752196.42,8.27,12,152639.64,2019-12-19T22:04:14,active,586985.8,2026-11-15T02:27:52.735000,none,,BR00009,EMP000058,551,Education loan,False,2019-12-19T22:04:14
LOAN000485,CUST000129,personal,175065.98,12.81,36,5882.66,2024-05-30T11:24:02,defaulted,62543.62,2025-11-01T01:13:35,none,,BR00001,EMP000034,724,Personal loan,False,2024-05-30T11:24:02
LOAN000486,CUST000656,home,3548309.1,7.52,60,71134.56,2024-10-02T16:41:21,active,2554782.55,2026-11-12T19:46:40.735000,property,,BR00003,EMP000099,725,Home loan,True,2024-10-02T16:41:21
LOAN000487,CUST000706,auto,339870.71,9.45,12,29793.17,2019-03-28T19:58:23,closed,0.0,,vehicle,Eiravati Sandhu,BR00004,EMP000066,708,Auto loan,False,2019-03-28T19:58:23
LOAN000488,CUST000075,business,6270326.06,17.72,36,225807.54,2019-06-13T14:46:47,closed,0.0,,fd,,BR00012,EMP000087,890,Business loan,False,2019-06-13T14:46:47
LOAN000489,CUST000457,auto,795643.62,8.49,60,16320.01,2022-06-18T17:44:10,active,312953.16,2026-11-02T13:39:58.735000,vehicle,,BR00014,EMP000034,853,Auto loan,False,2022-06-18T17:44:10
LOAN000490,CUST000503,business,8747951.66,13.63,24,418486.92,2020-02-22T22:18:26,active,2930563.81,2026-10-17T09:48:43.735000,fd,Yutika Agate,BR00012,EMP000020,664,Business loan,False,2020-02-22T22:18:26
LOAN000491,CUST000945,education,1985933.14,10.2,60,42390.91,2023-11-26T15:57:44,active,1198179.66,2026-11-20T03:50:28.735000,none,,BR00008,EMP000071,668,Education loan,False,2023-11-26T15:57:44
LOAN000492,CUST000817,home,7827138.59,8.26,48,192040.03,2021-08-17T06:54:20,active,2622091.43,2026-11-24T15:19:57.735000,property,,BR00016,EMP000085,726,Home loan,True,2021-08-17T06:54:20
LOAN000493,CUST000023,gold,489414.92,13.89,24,23472.8,2022-10-03T18:17:46,defaulted,378508.45,2025-02-20T17:34:06,gold,,BR00007,EMP000010,816,Gold loan,False,2022-10-03T18:17:46
LOAN000494,CUST000241,home,9676454.46,9.15,36,308384.64,2021-01-22T00:55:26,active,3241612.24,2026-11-17T11:28:37.735000,property,,BR00010,EMP000030,684,Home loan,False,2021-01-22T00:55:26
LOAN000495,CUST000516,personal,137699.75,11.03,24,6419.81,2020-02-07T17:23:41,active,46129.42,2026-11-01T01:09:25.735000,none,Yadavi Kumar,BR00005,EMP000030,880,Personal loan,False,2020-02-07T17:23:41
LOAN000496,CUST000097,auto,223461.64,8.14,48,5470.05,2021-07-28T18:50:38,active,74859.65,2026-11-19T13:40:39.735000,vehicle,Meera Deo,BR00017,EMP000039,783,Auto loan,False,2021-07-28T18:50:38
LOAN000497,CUST000240,auto,1910042.78,11.19,60,41710.17,2020-02-05T18:46:05,active,639864.33,2026-11-05T10:22:22.735000,vehicle,,BR00004,EMP000062,589,Auto loan,False,2020-02-05T18:46:05
LOAN000498,CUST000040,education,1023442.34,8.78,180,10246.92,2024-03-18T18:41:16,active,904040.73,2026-11-16T15:47:36.735000,none,Theodore Basu,BR00018,EMP000011,572,Education loan,False,2024-03-18T18:41:16
LOAN000499,CUST000303,personal,191762.44,14.29,180,2591.25,2019-07-11T03:09:54,defaulted,74700.38,2020-01-29T21:11:45,none,,BR00006,EMP000065,799,Personal loan,False,2019-07-11T03:09:54
LOAN000500,CUST000310,gold,365247.26,10.32,36,11840.45,2021-08-17T07:37:52,active,122357.83,2026-10-24T13:57:43.735000,gold,,BR00002,EMP000073,679,Gold loan,False,2021-08-17T07:37:52
